index,price
0,191.0
1,191.0
2,191.0
3,191.0
4,191.0
5,191.0
6,191.0
7,191.0
8,191.0
9,191.0
10,191.0
11,191.0
12,191.0
13,191.0
14,191.0
15,191.0
16,191.0
17,191.0
18,191.0
19,191.0
20,191.0
21,191.0
22,191.0
23,191.0
24,191.0
25,191.0
26,191.0
27,191.0
28,191.0
29,191.0
30,191.0
31,191.0
32,191.0
33,191.0
34,191.0
35,191.0
36,191.0
37,191.0
38,191.0
39,191.0
40,191.0
41,191.0
42,191.0
43,191.0
44,191.0
45,191.0
46,191.0
47,191.0
48,191.0
49,191.0
50,191.0
51,191.0
52,191.0
53,191.0
54,191.0
55,191.0
56,191.0
57,191.0
58,191.0
59,191.0
60,191.0
61,191.0
62,191.0
63,191.0
64,191.0
65,191.0
66,191.0
67,191.0
68,191.0
69,191.0
70,191.0
71,191.0
72,191.0
73,191.0
74,191.0
75,191.0
76,191.0
77,191.0
78,191.0
79,191.0
80,191.0
81,191.0
82,191.0
83,191.0
84,191.0
85,191.0
86,191.0
87,191.0
88,191.0
89,191.0
90,191.0
91,191.0
92,191.0
93,191.0
94,191.0
95,191.0
96,191.0
97,191.0
98,191.0
99,191.0
100,191.0
101,191.0
102,191.0
103,191.0
104,191.0
105,191.0
106,191.0
107,191.0
108,191.0
109,191.0
110,191.0
111,191.0
112,191.0
113,191.0
114,191.0
115,191.0
116,191.0
117,191.0
118,191.0
119,191.0
120,191.0
121,191.0
122,191.0
123,191.0
124,191.0
125,191.0
126,191.0
127,191.0
128,191.0
129,191.0
130,191.0
131,191.0
132,191.0
133,191.0
134,191.0
135,191.0
136,191.0
137,191.0
138,191.0
139,191.0
140,191.0
141,191.0
142,191.0
143,191.0
144,191.0
145,191.0
146,191.0
147,191.0
148,191.0
149,191.0
150,191.0
151,191.0
152,191.0
153,191.0
154,191.0
155,191.0
156,191.0
157,191.0
158,191.0
159,191.0
160,191.0
161,191.0
162,191.0
163,191.0
164,191.0
165,191.0
166,191.0
167,191.0
168,191.0
169,191.0
170,191.0
171,191.0
172,191.0
173,191.0
174,191.0
175,191.0
176,191.0
177,191.0
178,191.0
179,191.0
180,191.0
181,191.0
182,191.0
183,191.0
184,191.0
185,191.0
186,191.0
187,191.0
188,191.0
189,191.0
190,191.0
191,191.0
192,191.0
193,191.0
194,191.0
195,191.0
196,191.0
197,191.0
198,191.0
199,191.0
200,191.0
201,191.0
202,191.0
203,191.0
204,191.0
205,191.0
206,191.0
207,191.0
208,191.0
209,191.0
210,191.0
211,191.0
212,191.0
213,191.0
214,191.0
215,191.0
216,191.0
217,191.0
218,191.0
219,191.0
220,191.0
221,191.0
222,191.0
223,191.0
224,191.0
225,191.0
226,191.0
227,191.0
228,191.0
229,191.0
230,191.0
231,191.0
232,191.0
233,191.0
234,191.0
235,191.0
236,191.0
237,191.0
238,191.0
239,191.0
240,191.0
241,191.0
242,191.0
243,191.0
244,191.0
245,191.0
246,191.0
247,191.0
248,191.0
249,191.0
250,191.0
251,191.0
252,191.0
253,191.0
254,191.0
255,191.0
256,191.0
257,191.0
258,191.0
259,191.0
260,191.0
261,191.0
262,191.0
263,191.0
264,191.0
265,191.0
266,191.0
267,191.0
268,191.0
269,191.0
270,191.0
271,191.0
272,191.0
273,191.0
274,191.0
275,191.0
276,191.0
277,191.0
278,191.0
279,191.0
280,191.0
281,191.0
282,191.0
283,191.0
284,191.0
285,191.0
286,191.0
287,191.0
288,191.0
289,191.0
290,191.0
291,191.0
292,191.0
293,191.0
294,191.0
295,191.0
296,191.0
297,191.0
298,191.0
299,191.0
300,191.0
301,191.0
302,191.0
303,191.0
304,191.0
305,191.0
306,191.0
307,191.0
308,191.0
309,191.0
310,191.0
311,191.0
312,191.0
313,191.0
314,191.0
315,191.0
316,191.0
317,191.0
318,191.0
319,191.0
320,191.0
321,191.0
322,191.0
323,191.0
324,191.0
325,191.0
326,191.0
327,191.0
328,191.0
329,191.0
330,191.0
331,191.0
332,191.0
333,191.0
334,191.0
335,191.0
336,191.0
337,191.0
338,191.0
339,191.0
340,191.0
341,191.0
342,191.0
343,191.0
344,191.0
345,191.0
346,191.0
347,191.0
348,191.0
349,191.0
350,191.0
351,191.0
352,191.0
353,191.0
354,191.0
355,191.0
356,191.0
357,191.0
358,191.0
359,191.0
360,191.0
361,191.0
362,191.0
363,191.0
364,191.0
365,191.0
366,191.0
367,191.0
368,191.0
369,191.0
370,191.0
371,191.0
372,191.0
373,191.0
374,191.0
375,191.0
376,191.0
377,191.0
378,191.0
379,191.0
380,191.0
381,191.0
382,191.0
383,191.0
384,191.0
385,191.0
386,191.0
387,191.0
388,191.0
389,191.0
390,191.0
391,191.0
392,191.0
393,191.0
394,191.0
395,191.0
396,191.0
397,191.0
398,191.0
399,191.0
400,191.0
401,191.0
402,191.0
403,191.0
404,191.0
405,191.0
406,191.0
407,191.0
408,191.0
409,191.0
410,191.0
411,191.0
412,191.0
413,191.0
414,191.0
415,191.0
416,191.0
417,191.0
418,191.0
419,191.0
420,191.0
421,191.0
422,191.0
423,191.0
424,191.0
425,191.0
426,191.0
427,191.0
428,191.0
429,191.0
430,191.0
431,191.0
432,191.0
433,191.0
434,191.0
435,191.0
436,191.0
437,191.0
438,191.0
439,191.0
440,191.0
441,191.0
442,191.0
443,191.0
444,191.0
445,191.0
446,191.0
447,191.0
448,191.0
449,191.0
450,191.0
451,191.0
452,191.0
453,191.0
454,191.0
455,191.0
456,191.0
457,191.0
458,191.0
459,191.0
460,191.0
461,191.0
462,191.0
463,191.0
464,191.0
465,191.0
466,191.0
467,191.0
468,191.0
469,191.0
470,191.0
471,191.0
472,191.0
473,191.0
474,191.0
475,191.0
476,191.0
477,191.0
478,191.0
479,191.0
480,191.0
481,191.0
482,191.0
483,191.0
484,191.0
485,191.0
486,191.0
487,191.0
488,191.0
489,191.0
490,191.0
491,191.0
492,191.0
493,191.0
494,191.0
495,191.0
496,191.0
497,191.0
498,191.0
499,191.0
500,191.0
501,191.0
502,191.0
503,191.0
504,191.0
505,191.0
506,191.0
507,191.0
508,191.0
509,191.0
510,191.0
511,191.0
512,191.0
513,191.0
514,191.0
515,191.0
516,191.0
517,191.0
518,191.0
519,191.0
520,191.0
521,191.0
522,191.0
523,191.0
524,191.0
525,191.0
526,191.0
527,191.0
528,191.0
529,191.0
530,191.0
531,191.0
532,191.0
533,191.0
534,191.0
535,191.0
536,191.0
537,191.0
538,191.0
539,191.0
540,191.0
541,191.0
542,191.0
543,191.0
544,191.0
545,191.0
546,191.0
547,191.0
548,191.0
549,191.0
550,191.0
551,191.0
552,191.0
553,191.0
554,191.0
555,191.0
556,191.0
557,191.0
558,191.0
559,191.0
560,191.0
561,191.0
562,191.0
563,191.0
564,191.0
565,191.0
566,191.0
567,191.0
568,191.0
569,191.0
570,191.0
571,191.0
572,191.0
573,191.0
574,191.0
575,191.0
576,191.0
577,191.0
578,191.0
579,191.0
580,191.0
581,191.0
582,191.0
583,191.0
584,191.0
585,191.0
586,191.0
587,191.0
588,191.0
589,191.0
590,191.0
591,191.0
592,191.0
593,191.0
594,191.0
595,191.0
596,191.0
597,191.0
598,191.0
599,191.0
600,191.0
601,191.0
602,191.0
603,191.0
604,191.0
605,191.0
606,191.0
607,191.0
608,191.0
609,191.0
610,191.0
611,191.0
612,191.0
613,191.0
614,191.0
615,191.0
616,191.0
617,191.0
618,191.0
619,191.0
620,191.0
621,191.0
622,191.0
623,191.0
624,191.0
625,191.0
626,191.0
627,191.0
628,191.0
629,191.0
630,191.0
631,191.0
632,191.0
633,191.0
634,191.0
635,191.0
636,191.0
637,191.0
638,191.0
639,191.0
640,191.0
641,191.0
642,191.0
643,191.0
644,191.0
645,191.0
646,191.0
647,191.0
648,191.0
649,191.0
650,191.0
651,191.0
652,191.0
653,191.0
654,191.0
655,191.0
656,191.0
657,191.0
658,191.0
659,191.0
660,191.0
661,191.0
662,191.0
663,191.0
664,191.0
665,191.0
666,191.0
667,191.0
668,191.0
669,191.0
670,191.0
671,191.0
672,191.0
673,191.0
674,191.0
675,191.0
676,191.0
677,191.0
678,191.0
679,191.0
680,191.0
681,191.0
682,191.0
683,191.0
684,191.0
685,191.0
686,191.0
687,191.0
688,191.0
689,191.0
690,191.0
691,191.0
692,191.0
693,191.0
694,191.0
695,191.0
696,191.0
697,191.0
698,191.0
699,191.0
700,191.0
701,191.0
702,191.0
703,191.0
704,191.0
705,191.0
706,191.0
707,191.0
708,191.0
709,191.0
710,191.0
711,191.0
712,191.0
713,191.0
714,191.0
715,191.0
716,191.0
717,191.0
718,191.0
719,191.0
720,191.0
721,191.0
722,191.0
723,191.0
724,191.0
725,191.0
726,191.0
727,191.0
728,191.0
729,191.0
730,191.0
731,191.0
732,191.0
733,191.0
734,191.0
735,191.0
736,191.0
737,191.0
738,191.0
739,191.0
740,191.0
741,191.0
742,191.0
743,191.0
744,191.0
745,191.0
746,191.0
747,191.0
748,191.0
749,191.0
750,191.0
751,191.0
752,191.0
753,191.0
754,191.0
755,191.0
756,191.0
757,191.0
758,191.0
759,191.0
760,191.0
761,191.0
762,191.0
763,191.0
764,191.0
765,191.0
766,191.0
767,191.0
768,191.0
769,191.0
770,191.0
771,191.0
772,191.0
773,191.0
774,191.0
775,191.0
776,191.0
777,191.0
778,191.0
779,191.0
780,191.0
781,191.0
782,191.0
783,191.0
784,191.0
785,191.0
786,191.0
787,191.0
788,191.0
789,191.0
790,191.0
791,191.0
792,191.0
793,191.0
794,191.0
795,191.0
796,191.0
797,191.0
798,191.0
799,191.0
800,191.0
801,191.0
802,191.0
803,191.0
804,191.0
805,191.0
806,191.0
807,191.0
808,191.0
809,191.0
810,191.0
811,191.0
812,191.0
813,191.0
814,191.0
815,191.0
816,191.0
817,191.0
818,191.0
819,191.0
820,191.0
821,191.0
822,191.0
823,191.0
824,191.0
825,191.0
826,191.0
827,191.0
828,191.0
829,191.0
830,191.0
831,191.0
832,191.0
833,191.0
834,191.0
835,191.0
836,191.0
837,191.0
838,191.0
839,191.0
840,191.0
841,191.0
842,191.0
843,191.0
844,191.0
845,191.0
846,191.0
847,191.0
848,191.0
849,191.0
850,191.0
851,191.0
852,191.0
853,191.0
854,191.0
855,191.0
856,191.0
857,191.0
858,191.0
859,191.0
860,191.0
861,191.0
862,191.0
863,191.0
864,191.0
865,191.0
866,191.0
867,191.0
868,191.0
869,191.0
870,191.0
871,191.0
872,191.0
873,191.0
874,191.0
875,191.0
876,191.0
877,191.0
878,191.0
879,191.0
880,191.0
881,191.0
882,191.0
883,191.0
884,191.0
885,191.0
886,191.0
887,191.0
888,191.0
889,191.0
890,191.0
891,191.0
892,191.0
893,191.0
894,191.0
895,191.0
896,191.0
897,191.0
898,191.0
899,191.0
900,191.0
901,191.0
902,191.0
903,191.0
904,191.0
905,191.0
906,191.0
907,191.0
908,191.0
909,191.0
910,191.0
911,191.0
912,191.0
913,191.0
914,191.0
915,191.0
916,191.0
917,191.0
918,191.0
919,191.0
920,191.0
921,191.0
922,191.0
923,191.0
924,191.0
925,191.0
926,191.0
927,191.0
928,191.0
929,191.0
930,191.0
931,191.0
932,191.0
933,191.0
934,191.0
935,191.0
936,191.0
937,191.0
938,191.0
939,191.0
940,191.0
941,191.0
942,191.0
943,191.0
944,191.0
945,191.0
946,191.0
947,191.0
948,191.0
949,191.0
950,191.0
951,191.0
952,191.0
953,191.0
954,191.0
955,191.0
956,191.0
957,191.0
958,191.0
959,191.0
960,191.0
961,191.0
962,191.0
963,191.0
964,191.0
965,191.0
966,191.0
967,191.0
968,191.0
969,191.0
970,191.0
971,191.0
972,191.0
973,191.0
974,191.0
975,191.0
976,191.0
977,191.0
978,191.0
979,191.0
980,191.0
981,191.0
982,191.0
983,191.0
984,191.0
985,191.0
986,191.0
987,191.0
988,191.0
989,191.0
990,191.0
991,191.0
992,191.0
993,191.0
994,191.0
995,191.0
996,191.0
997,191.0
998,191.0
999,191.0
1000,191.0
1001,191.0
1002,191.0
1003,191.0
1004,191.0
1005,191.0
1006,191.0
1007,191.0
1008,191.0
1009,191.0
1010,191.0
1011,191.0
1012,191.0
1013,191.0
1014,191.0
1015,191.0
1016,191.0
1017,191.0
1018,191.0
1019,191.0
1020,191.0
1021,191.0
1022,191.0
1023,191.0
1024,191.0
1025,191.0
1026,191.0
1027,191.0
1028,191.0
1029,191.0
1030,191.0
1031,191.0
1032,191.0
1033,191.0
1034,191.0
1035,191.0
1036,191.0
1037,191.0
1038,191.0
1039,191.0
1040,191.0
1041,191.0
1042,191.0
1043,191.0
1044,191.0
1045,191.0
1046,191.0
1047,191.0
1048,191.0
1049,191.0
1050,191.0
1051,191.0
1052,191.0
1053,191.0
1054,191.0
1055,191.0
1056,191.0
1057,191.0
1058,191.0
1059,191.0
1060,191.0
1061,191.0
1062,191.0
1063,191.0
1064,191.0
1065,191.0
1066,191.0
1067,191.0
1068,191.0
1069,191.0
1070,191.0
1071,191.0
1072,191.0
1073,191.0
1074,191.0
1075,191.0
1076,191.0
1077,191.0
1078,191.0
1079,191.0
1080,191.0
1081,191.0
1082,191.0
1083,191.0
1084,191.0
1085,191.0
1086,191.0
1087,191.0
1088,191.0
1089,191.0
1090,191.0
1091,191.0
1092,191.0
1093,191.0
1094,191.0
1095,191.0
1096,191.0
1097,191.0
1098,191.0
1099,191.0
1100,191.0
1101,191.0
1102,191.0
1103,191.0
1104,191.0
1105,191.0
1106,191.0
1107,191.0
1108,191.0
1109,191.0
1110,191.0
1111,191.0
1112,191.0
1113,191.0
1114,191.0
1115,191.0
1116,191.0
1117,191.0
1118,191.0
1119,191.0
1120,191.0
1121,191.0
1122,191.0
1123,191.0
1124,191.0
1125,191.0
1126,191.0
1127,191.0
1128,191.0
1129,191.0
1130,191.0
1131,191.0
1132,191.0
1133,191.0
1134,191.0
1135,191.0
1136,191.0
1137,191.0
1138,191.0
1139,191.0
1140,191.0
1141,191.0
1142,191.0
1143,191.0
1144,191.0
1145,191.0
1146,191.0
1147,191.0
1148,191.0
1149,191.0
1150,191.0
1151,191.0
1152,191.0
1153,191.0
1154,191.0
1155,191.0
1156,191.0
1157,191.0
1158,191.0
1159,191.0
1160,191.0
1161,191.0
1162,191.0
1163,191.0
1164,191.0
1165,191.0
1166,191.0
1167,191.0
1168,191.0
1169,191.0
1170,191.0
1171,191.0
1172,191.0
1173,191.0
1174,191.0
1175,191.0
1176,191.0
1177,191.0
1178,191.0
1179,191.0
1180,191.0
1181,191.0
1182,191.0
1183,191.0
1184,191.0
1185,191.0
1186,191.0
1187,191.0
1188,191.0
1189,191.0
1190,191.0
1191,191.0
1192,191.0
1193,191.0
1194,191.0
1195,191.0
1196,191.0
1197,191.0
1198,191.0
1199,191.0
1200,191.0
1201,191.0
1202,191.0
1203,191.0
1204,191.0
1205,191.0
1206,191.0
1207,191.0
1208,191.0
1209,191.0
1210,191.0
1211,191.0
1212,191.0
1213,191.0
1214,191.0
1215,191.0
1216,191.0
1217,191.0
1218,191.0
1219,191.0
1220,191.0
1221,191.0
1222,191.0
1223,191.0
1224,191.0
1225,191.0
1226,191.0
1227,191.0
1228,191.0
1229,191.0
1230,191.0
1231,191.0
1232,191.0
1233,191.0
1234,191.0
1235,191.0
1236,191.0
1237,191.0
1238,191.0
1239,191.0
1240,191.0
1241,191.0
1242,191.0
1243,191.0
1244,191.0
1245,191.0
1246,191.0
1247,191.0
1248,191.0
1249,191.0
1250,191.0
1251,191.0
1252,191.0
1253,191.0
1254,191.0
1255,191.0
1256,191.0
1257,191.0
1258,191.0
1259,191.0
1260,191.0
1261,191.0
1262,191.0
1263,191.0
1264,191.0
1265,191.0
1266,191.0
1267,191.0
1268,191.0
1269,191.0
1270,191.0
1271,191.0
1272,191.0
1273,191.0
1274,191.0
1275,191.0
1276,191.0
1277,191.0
1278,191.0
1279,191.0
1280,191.0
1281,191.0
1282,191.0
1283,191.0
1284,191.0
1285,191.0
1286,191.0
1287,191.0
1288,191.0
1289,191.0
1290,191.0
1291,191.0
1292,191.0
1293,191.0
1294,191.0
1295,191.0
1296,191.0
1297,191.0
1298,191.0
1299,191.0
1300,191.0
1301,191.0
1302,191.0
1303,191.0
1304,191.0
1305,191.0
1306,191.0
1307,191.0
1308,191.0
1309,191.0
1310,191.0
1311,191.0
1312,191.0
1313,191.0
1314,191.0
1315,191.0
1316,191.0
1317,191.0
1318,191.0
1319,191.0
1320,191.0
1321,191.0
1322,191.0
1323,191.0
1324,191.0
1325,191.0
1326,191.0
1327,191.0
1328,191.0
1329,191.0
1330,191.0
1331,191.0
1332,191.0
1333,191.0
1334,191.0
1335,191.0
1336,191.0
1337,191.0
1338,191.0
1339,191.0
1340,191.0
1341,191.0
1342,191.0
1343,191.0
1344,191.0
1345,191.0
1346,191.0
1347,191.0
1348,191.0
1349,191.0
1350,191.0
1351,191.0
1352,191.0
1353,191.0
1354,191.0
1355,191.0
1356,191.0
1357,191.0
1358,191.0
1359,191.0
1360,191.0
1361,191.0
1362,191.0
1363,191.0
1364,191.0
1365,191.0
1366,191.0
1367,191.0
1368,191.0
1369,191.0
1370,191.0
1371,191.0
1372,191.0
1373,191.0
1374,191.0
1375,191.0
1376,191.0
1377,191.0
1378,191.0
1379,191.0
1380,191.0
1381,191.0
1382,191.0
1383,191.0
1384,191.0
1385,191.0
1386,191.0
1387,191.0
1388,191.0
1389,191.0
1390,191.0
1391,191.0
1392,191.0
1393,191.0
1394,191.0
1395,191.0
1396,191.0
1397,191.0
1398,191.0
1399,191.0
1400,191.0
1401,191.0
1402,191.0
1403,191.0
1404,191.0
1405,191.0
1406,191.0
1407,191.0
1408,191.0
1409,191.0
1410,191.0
1411,191.0
1412,191.0
1413,191.0
1414,191.0
1415,191.0
1416,191.0
1417,191.0
1418,191.0
1419,191.0
1420,191.0
1421,191.0
1422,191.0
1423,191.0
1424,191.0
1425,191.0
1426,191.0
1427,191.0
1428,191.0
1429,191.0
1430,191.0
1431,191.0
1432,191.0
1433,191.0
1434,191.0
1435,191.0
1436,191.0
1437,191.0
1438,191.0
1439,191.0
1440,191.0
1441,191.0
1442,191.0
1443,191.0
1444,191.0
1445,191.0
1446,191.0
1447,191.0
1448,191.0
1449,191.0
1450,191.0
1451,191.0
1452,191.0
1453,191.0
1454,191.0
1455,191.0
1456,191.0
1457,191.0
1458,191.0
1459,191.0
1460,191.0
1461,191.0
1462,191.0
1463,191.0
1464,191.0
1465,191.0
1466,191.0
1467,191.0
1468,191.0
1469,191.0
1470,191.0
1471,191.0
1472,191.0
1473,191.0
1474,191.0
1475,191.0
1476,191.0
1477,191.0
1478,191.0
1479,191.0
1480,191.0
1481,191.0
1482,191.0
1483,191.0
1484,191.0
1485,191.0
1486,191.0
1487,191.0
1488,191.0
1489,191.0
1490,191.0
1491,191.0
1492,191.0
1493,191.0
1494,191.0
1495,191.0
1496,191.0
1497,191.0
1498,191.0
1499,191.0
1500,191.0
1501,191.0
1502,191.0
1503,191.0
1504,191.0
1505,191.0
1506,191.0
1507,191.0
1508,191.0
1509,191.0
1510,191.0
1511,191.0
1512,191.0
1513,191.0
1514,191.0
1515,191.0
1516,191.0
1517,191.0
1518,191.0
1519,191.0
1520,191.0
1521,191.0
1522,191.0
1523,191.0
1524,191.0
1525,191.0
1526,191.0
1527,191.0
1528,191.0
1529,191.0
1530,191.0
1531,191.0
1532,191.0
1533,191.0
1534,191.0
1535,191.0
1536,191.0
1537,191.0
1538,191.0
1539,191.0
1540,191.0
1541,191.0
1542,191.0
1543,191.0
1544,191.0
1545,191.0
1546,191.0
1547,191.0
1548,191.0
1549,191.0
1550,191.0
1551,191.0
1552,191.0
1553,191.0
1554,191.0
1555,191.0
1556,191.0
1557,191.0
1558,191.0
1559,191.0
1560,191.0
1561,191.0
1562,191.0
1563,191.0
1564,191.0
1565,191.0
1566,191.0
1567,191.0
1568,191.0
1569,191.0
1570,191.0
1571,191.0
1572,191.0
1573,191.0
1574,191.0
1575,191.0
1576,191.0
1577,191.0
1578,191.0
1579,191.0
1580,191.0
1581,191.0
1582,191.0
1583,191.0
1584,191.0
1585,191.0
1586,191.0
1587,191.0
1588,191.0
1589,191.0
1590,191.0
1591,191.0
1592,191.0
1593,191.0
1594,191.0
1595,191.0
1596,191.0
1597,191.0
1598,191.0
1599,191.0
1600,191.0
1601,191.0
1602,191.0
1603,191.0
1604,191.0
1605,191.0
1606,191.0
1607,191.0
1608,191.0
1609,191.0
1610,191.0
1611,191.0
1612,191.0
1613,191.0
1614,191.0
1615,191.0
1616,191.0
1617,191.0
1618,191.0
1619,191.0
1620,191.0
1621,191.0
1622,191.0
1623,191.0
1624,191.0
1625,191.0
1626,191.0
1627,191.0
1628,191.0
1629,191.0
1630,191.0
1631,191.0
1632,191.0
1633,191.0
1634,191.0
1635,191.0
1636,191.0
1637,191.0
1638,191.0
1639,191.0
1640,191.0
1641,191.0
1642,191.0
1643,191.0
1644,191.0
1645,191.0
1646,191.0
1647,191.0
1648,191.0
1649,191.0
1650,191.0
1651,191.0
1652,191.0
1653,191.0
1654,191.0
1655,191.0
1656,191.0
1657,191.0
1658,191.0
1659,191.0
1660,191.0
1661,191.0
1662,191.0
1663,191.0
1664,191.0
1665,191.0
1666,191.0
1667,191.0
1668,191.0
1669,191.0
1670,191.0
1671,191.0
1672,191.0
1673,191.0
1674,191.0
1675,191.0
1676,191.0
1677,191.0
1678,191.0
1679,191.0
1680,191.0
1681,191.0
1682,191.0
1683,191.0
1684,191.0
1685,191.0
1686,191.0
1687,191.0
1688,191.0
1689,191.0
1690,191.0
1691,191.0
1692,191.0
1693,191.0
1694,191.0
1695,191.0
1696,191.0
1697,191.0
1698,191.0
1699,191.0
1700,191.0
1701,191.0
1702,191.0
1703,191.0
1704,191.0
1705,191.0
1706,191.0
1707,191.0
1708,191.0
1709,191.0
1710,191.0
1711,191.0
1712,191.0
1713,191.0
1714,191.0
1715,191.0
1716,191.0
1717,191.0
1718,191.0
1719,191.0
1720,191.0
1721,191.0
1722,191.0
1723,191.0
1724,191.0
1725,191.0
1726,191.0
1727,191.0
1728,191.0
1729,191.0
1730,191.0
1731,191.0
1732,191.0
1733,191.0
1734,191.0
1735,191.0
1736,191.0
1737,191.0
1738,191.0
1739,191.0
1740,191.0
1741,191.0
1742,191.0
1743,191.0
1744,191.0
1745,191.0
1746,191.0
1747,191.0
1748,191.0
1749,191.0
1750,191.0
1751,191.0
1752,191.0
1753,191.0
1754,191.0
1755,191.0
1756,191.0
1757,191.0
1758,191.0
1759,191.0
1760,191.0
1761,191.0
1762,191.0
1763,191.0
1764,191.0
1765,191.0
1766,191.0
1767,191.0
1768,191.0
1769,191.0
1770,191.0
1771,191.0
1772,191.0
1773,191.0
1774,191.0
1775,191.0
1776,191.0
1777,191.0
1778,191.0
1779,191.0
1780,191.0
1781,191.0
1782,191.0
1783,191.0
1784,191.0
1785,191.0
1786,191.0
1787,191.0
1788,191.0
1789,191.0
1790,191.0
1791,191.0
1792,191.0
1793,191.0
1794,191.0
1795,191.0
1796,191.0
1797,191.0
1798,191.0
1799,191.0
1800,191.0
1801,191.0
1802,191.0
1803,191.0
1804,191.0
1805,191.0
1806,191.0
1807,191.0
1808,191.0
1809,191.0
1810,191.0
1811,191.0
1812,191.0
1813,191.0
1814,191.0
1815,191.0
1816,191.0
1817,191.0
1818,191.0
1819,191.0
1820,191.0
1821,191.0
1822,191.0
1823,191.0
1824,191.0
1825,191.0
1826,191.0
1827,191.0
1828,191.0
1829,191.0
1830,191.0
1831,191.0
1832,191.0
1833,191.0
1834,191.0
1835,191.0
1836,191.0
1837,191.0
1838,191.0
1839,191.0
1840,191.0
1841,191.0
1842,191.0
1843,191.0
1844,191.0
1845,191.0
1846,191.0
1847,191.0
1848,191.0
1849,191.0
1850,191.0
1851,191.0
1852,191.0
1853,191.0
1854,191.0
1855,191.0
1856,191.0
1857,191.0
1858,191.0
1859,191.0
1860,191.0
1861,191.0
1862,191.0
1863,191.0
1864,191.0
1865,191.0
1866,191.0
1867,191.0
1868,191.0
1869,191.0
1870,191.0
1871,191.0
1872,191.0
1873,191.0
1874,191.0
1875,191.0
1876,191.0
1877,191.0
1878,191.0
1879,191.0
1880,191.0
1881,191.0
1882,191.0
1883,191.0
1884,191.0
1885,191.0
1886,191.0
1887,191.0
1888,191.0
1889,191.0
1890,191.0
1891,191.0
1892,191.0
1893,191.0
1894,191.0
1895,191.0
1896,191.0
1897,191.0
1898,191.0
1899,191.0
1900,191.0
1901,191.0
1902,191.0
1903,191.0
1904,191.0
1905,191.0
1906,191.0
1907,191.0
1908,191.0
1909,191.0
1910,191.0
1911,191.0
1912,191.0
1913,191.0
1914,191.0
1915,191.0
1916,191.0
1917,191.0
1918,191.0
1919,191.0
1920,191.0
1921,191.0
1922,191.0
1923,191.0
1924,191.0
1925,191.0
1926,191.0
1927,191.0
1928,191.0
1929,191.0
1930,191.0
1931,191.0
1932,191.0
1933,191.0
1934,191.0
1935,191.0
1936,191.0
1937,191.0
1938,191.0
1939,191.0
1940,191.0
1941,191.0
1942,191.0
1943,191.0
1944,191.0
1945,191.0
1946,191.0
1947,191.0
1948,191.0
1949,191.0
1950,191.0
1951,191.0
1952,191.0
1953,191.0
1954,191.0
1955,191.0
1956,191.0
1957,191.0
1958,191.0
1959,191.0
1960,191.0
1961,191.0
1962,191.0
1963,191.0
1964,191.0
1965,191.0
1966,191.0
1967,191.0
1968,191.0
1969,191.0
1970,191.0
1971,191.0
1972,191.0
1973,191.0
1974,191.0
1975,191.0
1976,191.0
1977,191.0
1978,191.0
1979,191.0
1980,191.0
1981,191.0
1982,191.0
1983,191.0
1984,191.0
1985,191.0
1986,191.0
1987,191.0
1988,191.0
1989,191.0
1990,191.0
1991,191.0
1992,191.0
1993,191.0
1994,191.0
1995,191.0
1996,191.0
1997,191.0
1998,191.0
1999,191.0
2000,191.0
2001,191.0
2002,191.0
2003,191.0
2004,191.0
2005,191.0
2006,191.0
2007,191.0
2008,191.0
2009,191.0
2010,191.0
2011,191.0
2012,191.0
2013,191.0
2014,191.0
2015,191.0
2016,191.0
2017,191.0
2018,191.0
2019,191.0
2020,191.0
2021,191.0
2022,191.0
2023,191.0
2024,191.0
2025,191.0
2026,191.0
2027,191.0
2028,191.0
2029,191.0
2030,191.0
2031,191.0
2032,191.0
2033,191.0
2034,191.0
2035,191.0
2036,191.0
2037,191.0
2038,191.0
2039,191.0
2040,191.0
2041,191.0
2042,191.0
2043,191.0
2044,191.0
2045,191.0
2046,191.0
2047,191.0
2048,191.0
2049,191.0
2050,191.0
2051,191.0
2052,191.0
2053,191.0
2054,191.0
2055,191.0
2056,191.0
2057,191.0
2058,191.0
2059,191.0
2060,191.0
2061,191.0
2062,191.0
2063,191.0
2064,191.0
2065,191.0
2066,191.0
2067,191.0
2068,191.0
2069,191.0
2070,191.0
2071,191.0
2072,191.0
2073,191.0
2074,191.0
2075,191.0
2076,191.0
2077,191.0
2078,191.0
2079,191.0
2080,191.0
2081,191.0
2082,191.0
2083,191.0
2084,191.0
2085,191.0
2086,191.0
2087,191.0
2088,191.0
2089,191.0
2090,191.0
2091,191.0
2092,191.0
2093,191.0
2094,191.0
2095,191.0
2096,191.0
2097,191.0
2098,191.0
2099,191.0
2100,191.0
2101,191.0
2102,191.0
2103,191.0
2104,191.0
2105,191.0
2106,191.0
2107,191.0
2108,191.0
2109,191.0
2110,191.0
2111,191.0
2112,191.0
2113,191.0
2114,191.0
2115,191.0
2116,191.0
2117,191.0
2118,191.0
2119,191.0
2120,191.0
2121,191.0
2122,191.0
2123,191.0
2124,191.0
2125,191.0
2126,191.0
2127,191.0
2128,191.0
2129,191.0
2130,191.0
2131,191.0
2132,191.0
2133,191.0
2134,191.0
2135,191.0
2136,191.0
2137,191.0
2138,191.0
2139,191.0
2140,191.0
2141,191.0
2142,191.0
2143,191.0
2144,191.0
2145,191.0
2146,191.0
2147,191.0
2148,191.0
2149,191.0
2150,191.0
2151,191.0
2152,191.0
2153,191.0
2154,191.0
2155,191.0
2156,191.0
2157,191.0
2158,191.0
2159,191.0
2160,191.0
2161,191.0
2162,191.0
2163,191.0
2164,191.0
2165,191.0
2166,191.0
2167,191.0
2168,191.0
2169,191.0
2170,191.0
2171,191.0
2172,191.0
2173,191.0
2174,191.0
2175,191.0
2176,191.0
2177,191.0
2178,191.0
2179,191.0
2180,191.0
2181,191.0
2182,191.0
2183,191.0
2184,191.0
2185,191.0
2186,191.0
2187,191.0
2188,191.0
2189,191.0
2190,191.0
2191,191.0
2192,191.0
2193,191.0
2194,191.0
2195,191.0
2196,191.0
2197,191.0
2198,191.0
2199,191.0
2200,191.0
2201,191.0
2202,191.0
2203,191.0
2204,191.0
2205,191.0
2206,191.0
2207,191.0
2208,191.0
2209,191.0
2210,191.0
2211,191.0
2212,191.0
2213,191.0
2214,191.0
2215,191.0
2216,191.0
2217,191.0
2218,191.0
2219,191.0
2220,191.0
2221,191.0
2222,191.0
2223,191.0
2224,191.0
2225,191.0
2226,191.0
2227,191.0
2228,191.0
2229,191.0
2230,191.0
2231,191.0
2232,191.0
2233,191.0
2234,191.0
2235,191.0
2236,191.0
2237,191.0
2238,191.0
2239,191.0
2240,191.0
2241,191.0
2242,191.0
2243,191.0
2244,191.0
2245,191.0
2246,191.0
2247,191.0
2248,191.0
2249,191.0
2250,191.0
2251,191.0
2252,191.0
2253,191.0
2254,191.0
2255,191.0
2256,191.0
2257,191.0
2258,191.0
2259,191.0
2260,191.0
2261,191.0
2262,191.0
2263,191.0
2264,191.0
2265,191.0
2266,191.0
2267,191.0
2268,191.0
2269,191.0
2270,191.0
2271,191.0
2272,191.0
2273,191.0
2274,191.0
2275,191.0
2276,191.0
2277,191.0
2278,191.0
2279,191.0
2280,191.0
2281,191.0
2282,191.0
2283,191.0
2284,191.0
2285,191.0
2286,191.0
2287,191.0
2288,191.0
2289,191.0
2290,191.0
2291,191.0
2292,191.0
2293,191.0
2294,191.0
2295,191.0
2296,191.0
2297,191.0
2298,191.0
2299,191.0
2300,191.0
2301,191.0
2302,191.0
2303,191.0
2304,191.0
2305,191.0
2306,191.0
2307,191.0
2308,191.0
2309,191.0
2310,191.0
2311,191.0
2312,191.0
2313,191.0
2314,191.0
2315,191.0
2316,191.0
2317,191.0
2318,191.0
2319,191.0
2320,191.0
2321,191.0
2322,191.0
2323,191.0
2324,191.0
2325,191.0
2326,191.0
2327,191.0
2328,191.0
2329,191.0
2330,191.0
2331,191.0
2332,191.0
2333,191.0
2334,191.0
2335,191.0
2336,191.0
2337,191.0
2338,191.0
2339,191.0
2340,191.0
2341,191.0
2342,191.0
2343,191.0
2344,191.0
2345,191.0
2346,191.0
2347,191.0
2348,191.0
2349,191.0
2350,191.0
2351,191.0
2352,191.0
2353,191.0
2354,191.0
2355,191.0
2356,191.0
2357,191.0
2358,191.0
2359,191.0
2360,191.0
2361,191.0
2362,191.0
2363,191.0
2364,191.0
2365,191.0
2366,191.0
2367,191.0
2368,191.0
2369,191.0
2370,191.0
2371,191.0
2372,191.0
2373,191.0
2374,191.0
2375,191.0
2376,191.0
2377,191.0
2378,191.0
2379,191.0
2380,191.0
2381,191.0
2382,191.0
2383,191.0
2384,191.0
2385,191.0
2386,191.0
2387,191.0
2388,191.0
2389,191.0
2390,191.0
2391,191.0
2392,191.0
2393,191.0
2394,191.0
2395,191.0
2396,191.0
2397,191.0
2398,191.0
2399,191.0
2400,191.0
2401,191.0
2402,191.0
2403,191.0
2404,191.0
2405,191.0
2406,191.0
2407,191.0
2408,191.0
2409,191.0
2410,191.0
2411,191.0
2412,191.0
2413,191.0
2414,191.0
2415,191.0
2416,191.0
2417,191.0
2418,191.0
2419,191.0
2420,191.0
2421,191.0
2422,191.0
2423,191.0
2424,191.0
2425,191.0
2426,191.0
2427,191.0
2428,191.0
2429,191.0
2430,191.0
2431,191.0
2432,191.0
2433,191.0
2434,191.0
2435,191.0
2436,191.0
2437,191.0
2438,191.0
2439,191.0
2440,191.0
2441,191.0
2442,191.0
2443,191.0
2444,191.0
2445,191.0
2446,191.0
2447,191.0
2448,191.0
2449,191.0
2450,191.0
2451,191.0
2452,191.0
2453,191.0
2454,191.0
2455,191.0
2456,191.0
2457,191.0
2458,191.0
2459,191.0
2460,191.0
2461,191.0
2462,191.0
2463,191.0
2464,191.0
2465,191.0
2466,191.0
2467,191.0
2468,191.0
2469,191.0
2470,191.0
2471,191.0
2472,191.0
2473,191.0
2474,191.0
2475,191.0
2476,191.0
2477,191.0
2478,191.0
2479,191.0
2480,191.0
2481,191.0
2482,191.0
2483,191.0
2484,191.0
2485,191.0
2486,191.0
2487,191.0
2488,191.0
2489,191.0
2490,191.0
2491,191.0
2492,191.0
2493,191.0
2494,191.0
2495,191.0
2496,191.0
2497,191.0
2498,191.0
2499,191.0
2500,191.0
2501,191.0
2502,191.0
2503,191.0
2504,191.0
2505,191.0
2506,191.0
2507,191.0
2508,191.0
2509,191.0
2510,191.0
2511,191.0
2512,191.0
2513,191.0
2514,191.0
2515,191.0
2516,191.0
2517,191.0
2518,191.0
2519,191.0
2520,191.0
2521,191.0
2522,191.0
2523,191.0
2524,191.0
2525,191.0
2526,191.0
2527,191.0
2528,191.0
2529,191.0
2530,191.0
2531,191.0
2532,191.0
2533,191.0
2534,191.0
2535,191.0
2536,191.0
2537,191.0
2538,191.0
2539,191.0
2540,191.0
2541,191.0
2542,191.0
2543,191.0
2544,191.0
2545,191.0
2546,191.0
2547,191.0
2548,191.0
2549,191.0
2550,191.0
2551,191.0
2552,191.0
2553,191.0
2554,191.0
2555,191.0
2556,191.0
2557,191.0
2558,191.0
2559,191.0
2560,191.0
2561,191.0
2562,191.0
2563,191.0
2564,191.0
2565,191.0
2566,191.0
2567,191.0
2568,191.0
2569,191.0
2570,191.0
2571,191.0
2572,191.0
2573,191.0
2574,191.0
2575,191.0
2576,191.0
2577,191.0
2578,191.0
2579,191.0
2580,191.0
2581,191.0
2582,191.0
2583,191.0
2584,191.0
2585,191.0
2586,191.0
2587,191.0
2588,191.0
2589,191.0
2590,191.0
2591,191.0
2592,191.0
2593,191.0
2594,191.0
2595,191.0
2596,191.0
2597,191.0
2598,191.0
2599,191.0
2600,191.0
2601,191.0
2602,191.0
2603,191.0
2604,191.0
2605,191.0
2606,191.0
2607,191.0
2608,191.0
2609,191.0
2610,191.0
2611,191.0
2612,191.0
2613,191.0
2614,191.0
2615,191.0
2616,191.0
2617,191.0
2618,191.0
2619,191.0
2620,191.0
2621,191.0
2622,191.0
2623,191.0
2624,191.0
2625,191.0
2626,191.0
2627,191.0
2628,191.0
2629,191.0
2630,191.0
2631,191.0
2632,191.0
2633,191.0
2634,191.0
2635,191.0
2636,191.0
2637,191.0
2638,191.0
2639,191.0
2640,191.0
2641,191.0
2642,191.0
2643,191.0
2644,191.0
2645,191.0
2646,191.0
2647,191.0
2648,191.0
2649,191.0
2650,191.0
2651,191.0
2652,191.0
2653,191.0
2654,191.0
2655,191.0
2656,191.0
2657,191.0
2658,191.0
2659,191.0
2660,191.0
2661,191.0
2662,191.0
2663,191.0
2664,191.0
2665,191.0
2666,191.0
2667,191.0
2668,191.0
2669,191.0
2670,191.0
2671,191.0
2672,191.0
2673,191.0
2674,191.0
2675,191.0
2676,191.0
2677,191.0
2678,191.0
2679,191.0
2680,191.0
2681,191.0
2682,191.0
2683,191.0
2684,191.0
2685,191.0
2686,191.0
2687,191.0
2688,191.0
2689,191.0
2690,191.0
2691,191.0
2692,191.0
2693,191.0
2694,191.0
2695,191.0
2696,191.0
2697,191.0
2698,191.0
2699,191.0
2700,191.0
2701,191.0
2702,191.0
2703,191.0
2704,191.0
2705,191.0
2706,191.0
2707,191.0
2708,191.0
2709,191.0
2710,191.0
2711,191.0
2712,191.0
2713,191.0
2714,191.0
2715,191.0
2716,191.0
2717,191.0
2718,191.0
2719,191.0
2720,191.0
2721,191.0
2722,191.0
2723,191.0
2724,191.0
2725,191.0
2726,191.0
2727,191.0
2728,191.0
2729,191.0
2730,191.0
2731,191.0
2732,191.0
2733,191.0
2734,191.0
2735,191.0
2736,191.0
2737,191.0
2738,191.0
2739,191.0
2740,191.0
2741,191.0
2742,191.0
2743,191.0
2744,191.0
2745,191.0
2746,191.0
2747,191.0
2748,191.0
2749,191.0
2750,191.0
2751,191.0
2752,191.0
2753,191.0
2754,191.0
2755,191.0
2756,191.0
2757,191.0
2758,191.0
2759,191.0
2760,191.0
2761,191.0
2762,191.0
2763,191.0
2764,191.0
2765,191.0
2766,191.0
2767,191.0
2768,191.0
2769,191.0
2770,191.0
2771,191.0
2772,191.0
2773,191.0
2774,191.0
2775,191.0
2776,191.0
2777,191.0
2778,191.0
2779,191.0
2780,191.0
2781,191.0
2782,191.0
2783,191.0
2784,191.0
2785,191.0
2786,191.0
2787,191.0
2788,191.0
2789,191.0
2790,191.0
2791,191.0
2792,191.0
2793,191.0
2794,191.0
2795,191.0
2796,191.0
2797,191.0
2798,191.0
2799,191.0
2800,191.0
2801,191.0
2802,191.0
2803,191.0
2804,191.0
2805,191.0
2806,191.0
2807,191.0
2808,191.0
2809,191.0
2810,191.0
2811,191.0
2812,191.0
2813,191.0
2814,191.0
2815,191.0
2816,191.0
2817,191.0
2818,191.0
2819,191.0
2820,191.0
2821,191.0
2822,191.0
2823,191.0
2824,191.0
2825,191.0
2826,191.0
2827,191.0
2828,191.0
2829,191.0
2830,191.0
2831,191.0
2832,191.0
2833,191.0
2834,191.0
2835,191.0
2836,191.0
2837,191.0
2838,191.0
2839,191.0
2840,191.0
2841,191.0
2842,191.0
2843,191.0
2844,191.0
2845,191.0
2846,191.0
2847,191.0
2848,191.0
2849,191.0
2850,191.0
2851,191.0
2852,191.0
2853,191.0
2854,191.0
2855,191.0
2856,191.0
2857,191.0
2858,191.0
2859,191.0
2860,191.0
2861,191.0
2862,191.0
2863,191.0
2864,191.0
2865,191.0
2866,191.0
2867,191.0
2868,191.0
2869,191.0
2870,191.0
2871,191.0
2872,191.0
2873,191.0
2874,191.0
2875,191.0
2876,191.0
2877,191.0
2878,191.0
2879,191.0
2880,191.0
2881,191.0
2882,191.0
2883,191.0
2884,191.0
2885,191.0
2886,191.0
2887,191.0
2888,191.0
2889,191.0
2890,191.0
2891,191.0
2892,191.0
2893,191.0
2894,191.0
2895,191.0
2896,191.0
2897,191.0
2898,191.0
2899,191.0
2900,191.0
2901,191.0
2902,191.0
2903,191.0
2904,191.0
2905,191.0
2906,191.0
2907,191.0
2908,191.0
2909,191.0
2910,191.0
2911,191.0
2912,191.0
2913,191.0
2914,191.0
2915,191.0
2916,191.0
2917,191.0
2918,191.0
2919,191.0
2920,191.0
2921,191.0
2922,191.0
2923,191.0
2924,191.0
2925,191.0
2926,191.0
2927,191.0
2928,191.0
2929,191.0
2930,191.0
2931,191.0
2932,191.0
2933,191.0
2934,191.0
2935,191.0
2936,191.0
2937,191.0
2938,191.0
2939,191.0
2940,191.0
2941,191.0
2942,191.0
2943,191.0
2944,191.0
2945,191.0
2946,191.0
2947,191.0
2948,191.0
2949,191.0
2950,191.0
2951,191.0
2952,191.0
2953,191.0
2954,191.0
2955,191.0
2956,191.0
2957,191.0
2958,191.0
2959,191.0
2960,191.0
2961,191.0
2962,191.0
2963,191.0
2964,191.0
2965,191.0
2966,191.0
2967,191.0
2968,191.0
2969,191.0
2970,191.0
2971,191.0
2972,191.0
2973,191.0
2974,191.0
2975,191.0
2976,191.0
2977,191.0
2978,191.0
2979,191.0
2980,191.0
2981,191.0
2982,191.0
2983,191.0
2984,191.0
2985,191.0
2986,191.0
2987,191.0
2988,191.0
2989,191.0
2990,191.0
2991,191.0
2992,191.0
2993,191.0
2994,191.0
2995,191.0
2996,191.0
2997,191.0
2998,191.0
2999,191.0
3000,191.0
3001,191.0
3002,191.0
3003,191.0
3004,191.0
3005,191.0
3006,191.0
3007,191.0
3008,191.0
3009,191.0
3010,191.0
3011,191.0
3012,191.0
3013,191.0
3014,191.0
3015,191.0
3016,191.0
3017,191.0
3018,191.0
3019,191.0
3020,191.0
3021,191.0
3022,191.0
3023,191.0
3024,191.0
3025,191.0
3026,191.0
3027,191.0
3028,191.0
3029,191.0
3030,191.0
3031,191.0
3032,191.0
3033,191.0
3034,191.0
3035,191.0
3036,191.0
3037,191.0
3038,191.0
3039,191.0
3040,191.0
3041,191.0
3042,191.0
3043,191.0
3044,191.0
3045,191.0
3046,191.0
3047,191.0
3048,191.0
3049,191.0
3050,191.0
3051,191.0
3052,191.0
3053,191.0
3054,191.0
3055,191.0
3056,191.0
3057,191.0
3058,191.0
3059,191.0
3060,191.0
3061,191.0
3062,191.0
3063,191.0
3064,191.0
3065,191.0
3066,191.0
3067,191.0
3068,191.0
3069,191.0
3070,191.0
3071,191.0
3072,191.0
3073,191.0
3074,191.0
3075,191.0
3076,191.0
3077,191.0
3078,191.0
3079,191.0
3080,191.0
3081,191.0
3082,191.0
3083,191.0
3084,191.0
3085,191.0
3086,191.0
3087,191.0
3088,191.0
3089,191.0
3090,191.0
3091,191.0
3092,191.0
3093,191.0
3094,191.0
3095,191.0
3096,191.0
3097,191.0
3098,191.0
3099,191.0
3100,191.0
3101,191.0
3102,191.0
3103,191.0
3104,191.0
3105,191.0
3106,191.0
3107,191.0
3108,191.0
3109,191.0
3110,191.0
3111,191.0
3112,191.0
3113,191.0
3114,191.0
3115,191.0
3116,191.0
3117,191.0
3118,191.0
3119,191.0
3120,191.0
3121,191.0
3122,191.0
3123,191.0
3124,191.0
3125,191.0
3126,191.0
3127,191.0
3128,191.0
3129,191.0
3130,191.0
3131,191.0
3132,191.0
3133,191.0
3134,191.0
3135,191.0
3136,191.0
3137,191.0
3138,191.0
3139,191.0
3140,191.0
3141,191.0
3142,191.0
3143,191.0
3144,191.0
3145,191.0
3146,191.0
3147,191.0
3148,191.0
3149,191.0
3150,191.0
3151,191.0
3152,191.0
3153,191.0
3154,191.0
3155,191.0
3156,191.0
3157,191.0
3158,191.0
3159,191.0
3160,191.0
3161,191.0
3162,191.0
3163,191.0
3164,191.0
3165,191.0
3166,191.0
3167,191.0
3168,191.0
3169,191.0
3170,191.0
3171,191.0
3172,191.0
3173,191.0
3174,191.0
3175,191.0
3176,191.0
3177,191.0
3178,191.0
3179,191.0
3180,191.0
3181,191.0
3182,191.0
3183,191.0
3184,191.0
3185,191.0
3186,191.0
3187,191.0
3188,191.0
3189,191.0
3190,191.0
3191,191.0
3192,191.0
3193,191.0
3194,191.0
3195,191.0
3196,191.0
3197,191.0
3198,191.0
3199,191.0
3200,191.0
3201,191.0
3202,191.0
3203,191.0
3204,191.0
3205,191.0
3206,191.0
3207,191.0
3208,191.0
3209,191.0
3210,191.0
3211,191.0
3212,191.0
3213,191.0
3214,191.0
3215,191.0
3216,191.0
3217,191.0
3218,191.0
3219,191.0
3220,191.0
3221,191.0
3222,191.0
3223,191.0
3224,191.0
3225,191.0
3226,191.0
3227,191.0
3228,191.0
3229,191.0
3230,191.0
3231,191.0
3232,191.0
3233,191.0
3234,191.0
3235,191.0
3236,191.0
3237,191.0
3238,191.0
3239,191.0
3240,191.0
3241,191.0
3242,191.0
3243,191.0
3244,191.0
3245,191.0
3246,191.0
3247,191.0
3248,191.0
3249,191.0
3250,191.0
3251,191.0
3252,191.0
3253,191.0
3254,191.0
3255,191.0
3256,191.0
3257,191.0
3258,191.0
3259,191.0
3260,191.0
3261,191.0
3262,191.0
3263,191.0
3264,191.0
3265,191.0
3266,191.0
3267,191.0
3268,191.0
3269,191.0
3270,191.0
3271,191.0
3272,191.0
3273,191.0
3274,191.0
3275,191.0
3276,191.0
3277,191.0
3278,191.0
3279,191.0
3280,191.0
3281,191.0
3282,191.0
3283,191.0
3284,191.0
3285,191.0
3286,191.0
3287,191.0
3288,191.0
3289,191.0
3290,191.0
3291,191.0
3292,191.0
3293,191.0
3294,191.0
3295,191.0
3296,191.0
3297,191.0
3298,191.0
3299,191.0
3300,191.0
3301,191.0
3302,191.0
3303,191.0
3304,191.0
3305,191.0
3306,191.0
3307,191.0
3308,191.0
3309,191.0
3310,191.0
3311,191.0
3312,191.0
3313,191.0
3314,191.0
3315,191.0
3316,191.0
3317,191.0
3318,191.0
3319,191.0
3320,191.0
3321,191.0
3322,191.0
3323,191.0
3324,191.0
3325,191.0
3326,191.0
3327,191.0
3328,191.0
3329,191.0
3330,191.0
3331,191.0
3332,191.0
3333,191.0
3334,191.0
3335,191.0
3336,191.0
3337,191.0
3338,191.0
3339,191.0
3340,191.0
3341,191.0
3342,191.0
3343,191.0
3344,191.0
3345,191.0
3346,191.0
3347,191.0
3348,191.0
3349,191.0
3350,191.0
3351,191.0
3352,191.0
3353,191.0
3354,191.0
3355,191.0
3356,191.0
3357,191.0
3358,191.0
3359,191.0
3360,191.0
3361,191.0
3362,191.0
3363,191.0
3364,191.0
3365,191.0
3366,191.0
3367,191.0
3368,191.0
3369,191.0
3370,191.0
3371,191.0
3372,191.0
3373,191.0
3374,191.0
3375,191.0
3376,191.0
3377,191.0
3378,191.0
3379,191.0
3380,191.0
3381,191.0
3382,191.0
3383,191.0
3384,191.0
3385,191.0
3386,191.0
3387,191.0
3388,191.0
3389,191.0
3390,191.0
3391,191.0
3392,191.0
3393,191.0
3394,191.0
3395,191.0
3396,191.0
3397,191.0
3398,191.0
3399,191.0
3400,191.0
3401,191.0
3402,191.0
3403,191.0
3404,191.0
3405,191.0
3406,191.0
3407,191.0
3408,191.0
3409,191.0
3410,191.0
3411,191.0
3412,191.0
3413,191.0
3414,191.0
3415,191.0
3416,191.0
3417,191.0
3418,191.0
3419,191.0
3420,191.0
3421,191.0
3422,191.0
3423,191.0
3424,191.0
3425,191.0
3426,191.0
3427,191.0
3428,191.0
3429,191.0
3430,191.0
3431,191.0
3432,191.0
3433,191.0
3434,191.0
3435,191.0
3436,191.0
3437,191.0
3438,191.0
3439,191.0
3440,191.0
3441,191.0
3442,191.0
3443,191.0
3444,191.0
3445,191.0
3446,191.0
3447,191.0
3448,191.0
3449,191.0
3450,191.0
3451,191.0
3452,191.0
3453,191.0
3454,191.0
3455,191.0
3456,191.0
3457,191.0
3458,191.0
3459,191.0
3460,191.0
3461,191.0
3462,191.0
3463,191.0
3464,191.0
3465,191.0
3466,191.0
3467,191.0
3468,191.0
3469,191.0
3470,191.0
3471,191.0
3472,191.0
3473,191.0
3474,191.0
3475,191.0
3476,191.0
3477,191.0
3478,191.0
3479,191.0
3480,191.0
3481,191.0
3482,191.0
3483,191.0
3484,191.0
3485,191.0
3486,191.0
3487,191.0
3488,191.0
3489,191.0
3490,191.0
3491,191.0
3492,191.0
3493,191.0
3494,191.0
3495,191.0
3496,191.0
3497,191.0
3498,191.0
3499,191.0
3500,191.0
3501,191.0
3502,191.0
3503,191.0
3504,191.0
3505,191.0
3506,191.0
3507,191.0
3508,191.0
3509,191.0
3510,191.0
3511,191.0
3512,191.0
3513,191.0
3514,191.0
3515,191.0
3516,191.0
3517,191.0
3518,191.0
3519,191.0
3520,191.0
3521,191.0
3522,191.0
3523,191.0
3524,191.0
3525,191.0
3526,191.0
3527,191.0
3528,191.0
3529,191.0
3530,191.0
3531,191.0
3532,191.0
3533,191.0
3534,191.0
3535,191.0
3536,191.0
3537,191.0
3538,191.0
3539,191.0
3540,191.0
3541,191.0
3542,191.0
3543,191.0
3544,191.0
3545,191.0
3546,191.0
3547,191.0
3548,191.0
3549,191.0
3550,191.0
3551,191.0
3552,191.0
3553,191.0
3554,191.0
3555,191.0
3556,191.0
3557,191.0
3558,191.0
3559,191.0
3560,191.0
3561,191.0
3562,191.0
3563,191.0
3564,191.0
3565,191.0
3566,191.0
3567,191.0
3568,191.0
3569,191.0
3570,191.0
3571,191.0
3572,191.0
3573,191.0
3574,191.0
3575,191.0
3576,191.0
3577,191.0
3578,191.0
3579,191.0
3580,191.0
3581,191.0
3582,191.0
3583,191.0
3584,191.0
3585,191.0
3586,191.0
3587,191.0
3588,191.0
3589,191.0
3590,191.0
3591,191.0
3592,191.0
3593,191.0
3594,191.0
3595,191.0
3596,191.0
3597,191.0
3598,191.0
3599,191.0
3600,191.0
3601,191.0
3602,191.0
3603,191.0
3604,191.0
3605,191.0
3606,191.0
3607,191.0
3608,191.0
3609,191.0
3610,191.0
3611,191.0
3612,191.0
3613,191.0
3614,191.0
3615,191.0
3616,191.0
3617,191.0
3618,191.0
3619,191.0
3620,191.0
3621,191.0
3622,191.0
3623,191.0
3624,191.0
3625,191.0
3626,191.0
3627,191.0
3628,191.0
3629,191.0
3630,191.0
3631,191.0
3632,191.0
3633,191.0
3634,191.0
3635,191.0
3636,191.0
3637,191.0
3638,191.0
3639,191.0
3640,191.0
3641,191.0
3642,191.0
3643,191.0
3644,191.0
3645,191.0
3646,191.0
3647,191.0
3648,191.0
3649,191.0
3650,191.0
3651,191.0
3652,191.0
3653,191.0
3654,191.0
3655,191.0
3656,191.0
3657,191.0
3658,191.0
3659,191.0
3660,191.0
3661,191.0
3662,191.0
3663,191.0
3664,191.0
3665,191.0
3666,191.0
3667,191.0
3668,191.0
3669,191.0
3670,191.0
3671,191.0
3672,191.0
3673,191.0
3674,191.0
3675,191.0
3676,191.0
3677,191.0
3678,191.0
3679,191.0
3680,191.0
3681,191.0
3682,191.0
3683,191.0
3684,191.0
3685,191.0
3686,191.0
3687,191.0
3688,191.0
3689,191.0
3690,191.0
3691,191.0
3692,191.0
3693,191.0
3694,191.0
3695,191.0
3696,191.0
3697,191.0
3698,191.0
3699,191.0
3700,191.0
3701,191.0
3702,191.0
3703,191.0
3704,191.0
3705,191.0
3706,191.0
3707,191.0
3708,191.0
3709,191.0
3710,191.0
3711,191.0
3712,191.0
3713,191.0
3714,191.0
3715,191.0
3716,191.0
3717,191.0
3718,191.0
3719,191.0
3720,191.0
3721,191.0
3722,191.0
3723,191.0
3724,191.0
3725,191.0
3726,191.0
3727,191.0
3728,191.0
3729,191.0
3730,191.0
3731,191.0
3732,191.0
3733,191.0
3734,191.0
3735,191.0
3736,191.0
3737,191.0
3738,191.0
3739,191.0
3740,191.0
3741,191.0
3742,191.0
3743,191.0
3744,191.0
3745,191.0
3746,191.0
3747,191.0
3748,191.0
3749,191.0
3750,191.0
3751,191.0
3752,191.0
3753,191.0
3754,191.0
3755,191.0
3756,191.0
3757,191.0
3758,191.0
3759,191.0
3760,191.0
3761,191.0
3762,191.0
3763,191.0
3764,191.0
3765,191.0
3766,191.0
3767,191.0
3768,191.0
3769,191.0
3770,191.0
3771,191.0
3772,191.0
3773,191.0
3774,191.0
3775,191.0
3776,191.0
3777,191.0
3778,191.0
3779,191.0
3780,191.0
3781,191.0
3782,191.0
3783,191.0
3784,191.0
3785,191.0
3786,191.0
3787,191.0
3788,191.0
3789,191.0
3790,191.0
3791,191.0
3792,191.0
3793,191.0
3794,191.0
3795,191.0
3796,191.0
3797,191.0
3798,191.0
3799,191.0
3800,191.0
3801,191.0
3802,191.0
3803,191.0
3804,191.0
3805,191.0
3806,191.0
3807,191.0
3808,191.0
3809,191.0
3810,191.0
3811,191.0
3812,191.0
3813,191.0
3814,191.0
3815,191.0
3816,191.0
3817,191.0
3818,191.0
3819,191.0
3820,191.0
3821,191.0
3822,191.0
3823,191.0
3824,191.0
3825,191.0
3826,191.0
3827,191.0
3828,191.0
3829,191.0
3830,191.0
3831,191.0
3832,191.0
3833,191.0
3834,191.0
3835,191.0
3836,191.0
3837,191.0
3838,191.0
3839,191.0
3840,191.0
3841,191.0
3842,191.0
3843,191.0
3844,191.0
3845,191.0
3846,191.0
3847,191.0
3848,191.0
3849,191.0
3850,191.0
3851,191.0
3852,191.0
3853,191.0
3854,191.0
3855,191.0
3856,191.0
3857,191.0
3858,191.0
3859,191.0
3860,191.0
3861,191.0
3862,191.0
3863,191.0
3864,191.0
3865,191.0
3866,191.0
3867,191.0
3868,191.0
3869,191.0
3870,191.0
3871,191.0
3872,191.0
3873,191.0
3874,191.0
3875,191.0
3876,191.0
3877,191.0
3878,191.0
3879,191.0
3880,191.0
3881,191.0
3882,191.0
3883,191.0
3884,191.0
3885,191.0
3886,191.0
3887,191.0
3888,191.0
3889,191.0
3890,191.0
3891,191.0
3892,191.0
3893,191.0
3894,191.0
3895,191.0
3896,191.0
3897,191.0
3898,191.0
3899,191.0
3900,191.0
3901,191.0
3902,191.0
3903,191.0
3904,191.0
3905,191.0
3906,191.0
3907,191.0
3908,191.0
3909,191.0
3910,191.0
3911,191.0
3912,191.0
3913,191.0
3914,191.0
3915,191.0
3916,191.0
3917,191.0
3918,191.0
3919,191.0
3920,191.0
3921,191.0
3922,191.0
3923,191.0
3924,191.0
3925,191.0
3926,191.0
3927,191.0
3928,191.0
3929,191.0
3930,191.0
3931,191.0
3932,191.0
3933,191.0
3934,191.0
3935,191.0
3936,191.0
3937,191.0
3938,191.0
3939,191.0
3940,191.0
3941,191.0
3942,191.0
3943,191.0
3944,191.0
3945,191.0
3946,191.0
3947,191.0
3948,191.0
3949,191.0
3950,191.0
3951,191.0
3952,191.0
3953,191.0
3954,191.0
3955,191.0
3956,191.0
3957,191.0
3958,191.0
3959,191.0
3960,191.0
3961,191.0
3962,191.0
3963,191.0
3964,191.0
3965,191.0
3966,191.0
3967,191.0
3968,191.0
3969,191.0
3970,191.0
3971,191.0
3972,191.0
3973,191.0
3974,191.0
3975,191.0
3976,191.0
3977,191.0
3978,191.0
3979,191.0
3980,191.0
3981,191.0
3982,191.0
3983,191.0
3984,191.0
3985,191.0
3986,191.0
3987,191.0
3988,191.0
3989,191.0
3990,191.0
3991,191.0
3992,191.0
3993,191.0
3994,191.0
3995,191.0
3996,191.0
3997,191.0
3998,191.0
3999,191.0
4000,191.0
4001,191.0
4002,191.0
4003,191.0
4004,191.0
4005,191.0
4006,191.0
4007,191.0
4008,191.0
4009,191.0
4010,191.0
4011,191.0
4012,191.0
4013,191.0
4014,191.0
4015,191.0
4016,191.0
4017,191.0
4018,191.0
4019,191.0
4020,191.0
4021,191.0
4022,191.0
4023,191.0
4024,191.0
4025,191.0
4026,191.0
4027,191.0
4028,191.0
4029,191.0
4030,191.0
4031,191.0
4032,191.0
4033,191.0
4034,191.0
4035,191.0
4036,191.0
4037,191.0
4038,191.0
4039,191.0
4040,191.0
4041,191.0
4042,191.0
4043,191.0
4044,191.0
4045,191.0
4046,191.0
4047,191.0
4048,191.0
4049,191.0
4050,191.0
4051,191.0
4052,191.0
4053,191.0
4054,191.0
4055,191.0
4056,191.0
4057,191.0
4058,191.0
4059,191.0
4060,191.0
4061,191.0
4062,191.0
4063,191.0
4064,191.0
4065,191.0
4066,191.0
4067,191.0
4068,191.0
4069,191.0
4070,191.0
4071,191.0
4072,191.0
4073,191.0
4074,191.0
4075,191.0
4076,191.0
4077,191.0
4078,191.0
4079,191.0
4080,191.0
4081,191.0
4082,191.0
4083,191.0
4084,191.0
4085,191.0
4086,191.0
4087,191.0
4088,191.0
4089,191.0
4090,191.0
4091,191.0
4092,191.0
4093,191.0
4094,191.0
4095,191.0
4096,191.0
4097,191.0
4098,191.0
4099,191.0
4100,191.0
4101,191.0
4102,191.0
4103,191.0
4104,191.0
4105,191.0
4106,191.0
4107,191.0
4108,191.0
4109,191.0
4110,191.0
4111,191.0
4112,191.0
4113,191.0
4114,191.0
4115,191.0
4116,191.0
4117,191.0
4118,191.0
4119,191.0
4120,191.0
4121,191.0
4122,191.0
4123,191.0
4124,191.0
4125,191.0
4126,191.0
4127,191.0
4128,191.0
4129,191.0
4130,191.0
4131,191.0
4132,191.0
4133,191.0
4134,191.0
4135,191.0
4136,191.0
4137,191.0
4138,191.0
4139,191.0
4140,191.0
4141,191.0
4142,191.0
4143,191.0
4144,191.0
4145,191.0
4146,191.0
4147,191.0
4148,191.0
4149,191.0
4150,191.0
4151,191.0
4152,191.0
4153,191.0
4154,191.0
4155,191.0
4156,191.0
4157,191.0
4158,191.0
4159,191.0
4160,191.0
4161,191.0
4162,191.0
4163,191.0
4164,191.0
4165,191.0
4166,191.0
4167,191.0
4168,191.0
4169,191.0
4170,191.0
4171,191.0
4172,191.0
4173,191.0
4174,191.0
4175,191.0
4176,191.0
4177,191.0
4178,191.0
4179,191.0
4180,191.0
4181,191.0
4182,191.0
4183,191.0
4184,191.0
4185,191.0
4186,191.0
4187,191.0
4188,191.0
4189,191.0
4190,191.0
4191,191.0
4192,191.0
4193,191.0
4194,191.0
4195,191.0
4196,191.0
4197,191.0
4198,191.0
4199,191.0
4200,191.0
4201,191.0
4202,191.0
4203,191.0
4204,191.0
4205,191.0
4206,191.0
4207,191.0
4208,191.0
4209,191.0
4210,191.0
4211,191.0
4212,191.0
4213,191.0
4214,191.0
4215,191.0
4216,191.0
4217,191.0
4218,191.0
4219,191.0
4220,191.0
4221,191.0
4222,191.0
4223,191.0
4224,191.0
4225,191.0
4226,191.0
4227,191.0
4228,191.0
4229,191.0
4230,191.0
4231,191.0
4232,191.0
4233,191.0
4234,191.0
4235,191.0
4236,191.0
4237,191.0
4238,191.0
4239,191.0
4240,191.0
4241,191.0
4242,191.0
4243,191.0
4244,191.0
4245,191.0
4246,191.0
4247,191.0
4248,191.0
4249,191.0
4250,191.0
4251,191.0
4252,191.0
4253,191.0
4254,191.0
4255,191.0
4256,191.0
4257,191.0
4258,191.0
4259,191.0
4260,191.0
4261,191.0
4262,191.0
4263,191.0
4264,191.0
4265,191.0
4266,191.0
4267,191.0
4268,191.0
4269,191.0
4270,191.0
4271,191.0
4272,191.0
4273,191.0
4274,191.0
4275,191.0
4276,191.0
4277,191.0
4278,191.0
4279,191.0
4280,191.0
4281,191.0
4282,191.0
4283,191.0
4284,191.0
4285,191.0
4286,191.0
4287,191.0
4288,191.0
4289,191.0
4290,191.0
4291,191.0
4292,191.0
4293,191.0
4294,191.0
4295,191.0
4296,191.0
4297,191.0
4298,191.0
4299,191.0
4300,191.0
4301,191.0
4302,191.0
4303,191.0
4304,191.0
4305,191.0
4306,191.0
4307,191.0
4308,191.0
4309,191.0
4310,191.0
4311,191.0
4312,191.0
4313,191.0
4314,191.0
4315,191.0
4316,191.0
4317,191.0
4318,191.0
4319,191.0
4320,191.0
4321,191.0
4322,191.0
4323,191.0
4324,191.0
4325,191.0
4326,191.0
4327,191.0
4328,191.0
4329,191.0
4330,191.0
4331,191.0
4332,191.0
4333,191.0
4334,191.0
4335,191.0
4336,191.0
4337,191.0
4338,191.0
4339,191.0
4340,191.0
4341,191.0
4342,191.0
4343,191.0
4344,191.0
4345,191.0
4346,191.0
4347,191.0
4348,191.0
4349,191.0
4350,191.0
4351,191.0
4352,191.0
4353,191.0
4354,191.0
4355,191.0
4356,191.0
4357,191.0
4358,191.0
4359,191.0
4360,191.0
4361,191.0
4362,191.0
4363,191.0
4364,191.0
4365,191.0
4366,191.0
4367,191.0
4368,191.0
4369,191.0
4370,191.0
4371,191.0
4372,191.0
4373,191.0
4374,191.0
4375,191.0
4376,191.0
4377,191.0
4378,191.0
4379,191.0
4380,191.0
4381,191.0
4382,191.0
4383,191.0
4384,191.0
4385,191.0
4386,191.0
4387,191.0
4388,191.0
4389,191.0
4390,191.0
4391,191.0
4392,191.0
4393,191.0
4394,191.0
4395,191.0
4396,191.0
4397,191.0
4398,191.0
4399,191.0
4400,191.0
4401,191.0
4402,191.0
4403,191.0
4404,191.0
4405,191.0
4406,191.0
4407,191.0
4408,191.0
4409,191.0
4410,191.0
4411,191.0
4412,191.0
4413,191.0
4414,191.0
4415,191.0
4416,191.0
4417,191.0
4418,191.0
4419,191.0
4420,191.0
4421,191.0
4422,191.0
4423,191.0
4424,191.0
4425,191.0
4426,191.0
4427,191.0
4428,191.0
4429,191.0
4430,191.0
4431,191.0
4432,191.0
4433,191.0
4434,191.0
4435,191.0
4436,191.0
4437,191.0
4438,191.0
4439,191.0
4440,191.0
4441,191.0
4442,191.0
4443,191.0
4444,191.0
4445,191.0
4446,191.0
4447,191.0
4448,191.0
4449,191.0
4450,191.0
4451,191.0
4452,191.0
4453,191.0
4454,191.0
4455,191.0
4456,191.0
4457,191.0
4458,191.0
4459,191.0
4460,191.0
4461,191.0
4462,191.0
4463,191.0
4464,191.0
4465,191.0
4466,191.0
4467,191.0
4468,191.0
4469,191.0
4470,191.0
4471,191.0
4472,191.0
4473,191.0
4474,191.0
4475,191.0
4476,191.0
4477,191.0
4478,191.0
4479,191.0
4480,191.0
4481,191.0
4482,191.0
4483,191.0
4484,191.0
4485,191.0
4486,191.0
4487,191.0
4488,191.0
4489,191.0
4490,191.0
4491,191.0
4492,191.0
4493,191.0
4494,191.0
4495,191.0
4496,191.0
4497,191.0
4498,191.0
4499,191.0
4500,191.0
4501,191.0
4502,191.0
4503,191.0
4504,191.0
4505,191.0
4506,191.0
4507,191.0
4508,191.0
4509,191.0
4510,191.0
4511,191.0
4512,191.0
4513,191.0
4514,191.0
4515,191.0
4516,191.0
4517,191.0
4518,191.0
4519,191.0
4520,191.0
4521,191.0
4522,191.0
4523,191.0
4524,191.0
4525,191.0
4526,191.0
4527,191.0
4528,191.0
4529,191.0
4530,191.0
4531,191.0
4532,191.0
4533,191.0
4534,191.0
4535,191.0
4536,191.0
4537,191.0
4538,191.0
4539,191.0
4540,191.0
4541,191.0
4542,191.0
4543,191.0
4544,191.0
4545,191.0
4546,191.0
4547,191.0
4548,191.0
4549,191.0
4550,191.0
4551,191.0
4552,191.0
4553,191.0
4554,191.0
4555,191.0
4556,191.0
4557,191.0
4558,191.0
4559,191.0
4560,191.0
4561,191.0
4562,191.0
4563,191.0
4564,191.0
4565,191.0
4566,191.0
4567,191.0
4568,191.0
4569,191.0
4570,191.0
4571,191.0
4572,191.0
4573,191.0
4574,191.0
4575,191.0
4576,191.0
4577,191.0
4578,191.0
4579,191.0
4580,191.0
4581,191.0
4582,191.0
4583,191.0
4584,191.0
4585,191.0
4586,191.0
4587,191.0
4588,191.0
4589,191.0
4590,191.0
4591,191.0
4592,191.0
4593,191.0
4594,191.0
4595,191.0
4596,191.0
4597,191.0
4598,191.0
4599,191.0
4600,191.0
4601,191.0
4602,191.0
4603,191.0
4604,191.0
4605,191.0
4606,191.0
4607,191.0
4608,191.0
4609,191.0
4610,191.0
4611,191.0
4612,191.0
4613,191.0
4614,191.0
4615,191.0
4616,191.0
4617,191.0
4618,191.0
4619,191.0
4620,191.0
4621,191.0
4622,191.0
4623,191.0
4624,191.0
4625,191.0
4626,191.0
4627,191.0
4628,191.0
4629,191.0
4630,191.0
4631,191.0
4632,191.0
4633,191.0
4634,191.0
4635,191.0
4636,191.0
4637,191.0
4638,191.0
4639,191.0
4640,191.0
4641,191.0
4642,191.0
4643,191.0
4644,191.0
4645,191.0
4646,191.0
4647,191.0
4648,191.0
4649,191.0
4650,191.0
4651,191.0
4652,191.0
4653,191.0
4654,191.0
4655,191.0
4656,191.0
4657,191.0
4658,191.0
4659,191.0
4660,191.0
4661,191.0
4662,191.0
4663,191.0
4664,191.0
4665,191.0
4666,191.0
4667,191.0
4668,191.0
4669,191.0
4670,191.0
4671,191.0
4672,191.0
4673,191.0
4674,191.0
4675,191.0
4676,191.0
4677,191.0
4678,191.0
4679,191.0
4680,191.0
4681,191.0
4682,191.0
4683,191.0
4684,191.0
4685,191.0
4686,191.0
4687,191.0
4688,191.0
4689,191.0
4690,191.0
4691,191.0
4692,191.0
4693,191.0
4694,191.0
4695,191.0
4696,191.0
4697,191.0
4698,191.0
4699,191.0
4700,191.0
4701,191.0
4702,191.0
4703,191.0
4704,191.0
4705,191.0
4706,191.0
4707,191.0
4708,191.0
4709,191.0
4710,191.0
4711,191.0
4712,191.0
4713,191.0
4714,191.0
4715,191.0
4716,191.0
4717,191.0
4718,191.0
4719,191.0
4720,191.0
4721,191.0
4722,191.0
4723,191.0
4724,191.0
4725,191.0
4726,191.0
4727,191.0
4728,191.0
4729,191.0
4730,191.0
4731,191.0
4732,191.0
4733,191.0
4734,191.0
4735,191.0
4736,191.0
4737,191.0
4738,191.0
4739,191.0
4740,191.0
4741,191.0
4742,191.0
4743,191.0
4744,191.0
4745,191.0
4746,191.0
4747,191.0
4748,191.0
4749,191.0
4750,191.0
4751,191.0
4752,191.0
4753,191.0
4754,191.0
4755,191.0
4756,191.0
4757,191.0
4758,191.0
4759,191.0
4760,191.0
4761,191.0
4762,191.0
4763,191.0
4764,191.0
4765,191.0
4766,191.0
4767,191.0
4768,191.0
4769,191.0
4770,191.0
4771,191.0
4772,191.0
4773,191.0
4774,191.0
4775,191.0
4776,191.0
4777,191.0
4778,191.0
4779,191.0
4780,191.0
4781,191.0
4782,191.0
4783,191.0
4784,191.0
4785,191.0
4786,191.0
4787,191.0
4788,191.0
4789,191.0
4790,191.0
4791,191.0
4792,191.0
4793,191.0
4794,191.0
4795,191.0
4796,191.0
4797,191.0
4798,191.0
4799,191.0
4800,191.0
4801,191.0
4802,191.0
4803,191.0
4804,191.0
4805,191.0
4806,191.0
4807,191.0
4808,191.0
4809,191.0
4810,191.0
4811,191.0
4812,191.0
4813,191.0
4814,191.0
4815,191.0
4816,191.0
4817,191.0
4818,191.0
4819,191.0
4820,191.0
4821,191.0
4822,191.0
4823,191.0
4824,191.0
4825,191.0
4826,191.0
4827,191.0
4828,191.0
4829,191.0
4830,191.0
4831,191.0
4832,191.0
4833,191.0
4834,191.0
4835,191.0
4836,191.0
4837,191.0
4838,191.0
4839,191.0
4840,191.0
4841,191.0
4842,191.0
4843,191.0
4844,191.0
4845,191.0
4846,191.0
4847,191.0
4848,191.0
4849,191.0
4850,191.0
4851,191.0
4852,191.0
4853,191.0
4854,191.0
4855,191.0
4856,191.0
4857,191.0
4858,191.0
4859,191.0
4860,191.0
4861,191.0
4862,191.0
4863,191.0
4864,191.0
4865,191.0
4866,191.0
4867,191.0
4868,191.0
4869,191.0
4870,191.0
4871,191.0
4872,191.0
4873,191.0
4874,191.0
4875,191.0
4876,191.0
4877,191.0
4878,191.0
4879,191.0
4880,191.0
4881,191.0
4882,191.0
4883,191.0
4884,191.0
4885,191.0
4886,191.0
4887,191.0
4888,191.0
4889,191.0
4890,191.0
4891,191.0
4892,191.0
4893,191.0
4894,191.0
4895,191.0
4896,191.0
4897,191.0
4898,191.0
4899,191.0
4900,191.0
4901,191.0
4902,191.0
4903,191.0
4904,191.0
4905,191.0
4906,191.0
4907,191.0
4908,191.0
4909,191.0
4910,191.0
4911,191.0
4912,191.0
4913,191.0
4914,191.0
4915,191.0
4916,191.0
4917,191.0
4918,191.0
4919,191.0
4920,191.0
4921,191.0
4922,191.0
4923,191.0
4924,191.0
4925,191.0
4926,191.0
4927,191.0
4928,191.0
4929,191.0
4930,191.0
4931,191.0
4932,191.0
4933,191.0
4934,191.0
4935,191.0
4936,191.0
4937,191.0
4938,191.0
4939,191.0
4940,191.0
4941,191.0
4942,191.0
4943,191.0
4944,191.0
4945,191.0
4946,191.0
4947,191.0
4948,191.0
4949,191.0
4950,191.0
4951,191.0
4952,191.0
4953,191.0
4954,191.0
4955,191.0
4956,191.0
4957,191.0
4958,191.0
4959,191.0
4960,191.0
4961,191.0
4962,191.0
4963,191.0
4964,191.0
4965,191.0
4966,191.0
4967,191.0
4968,191.0
4969,191.0
4970,191.0
4971,191.0
4972,191.0
4973,191.0
4974,191.0
4975,191.0
4976,191.0
4977,191.0
4978,191.0
4979,191.0
4980,191.0
4981,191.0
4982,191.0
4983,191.0
4984,191.0
4985,191.0
4986,191.0
4987,191.0
4988,191.0
4989,191.0
4990,191.0
4991,191.0
4992,191.0
4993,191.0
4994,191.0
4995,191.0
4996,191.0
4997,191.0
4998,191.0
4999,191.0
5000,191.0
5001,191.0
5002,191.0
5003,191.0
5004,191.0
5005,191.0
5006,191.0
5007,191.0
5008,191.0
5009,191.0
5010,191.0
5011,191.0
5012,191.0
5013,191.0
5014,191.0
5015,191.0
5016,191.0
5017,191.0
5018,191.0
5019,191.0
5020,191.0
5021,191.0
5022,191.0
5023,191.0
5024,191.0
5025,191.0
5026,191.0
5027,191.0
5028,191.0
5029,191.0
5030,191.0
5031,191.0
5032,191.0
5033,191.0
5034,191.0
5035,191.0
5036,191.0
5037,191.0
5038,191.0
5039,191.0
5040,191.0
5041,191.0
5042,191.0
5043,191.0
5044,191.0
5045,191.0
5046,191.0
5047,191.0
5048,191.0
5049,191.0
5050,191.0
5051,191.0
5052,191.0
5053,191.0
5054,191.0
5055,191.0
5056,191.0
5057,191.0
5058,191.0
5059,191.0
5060,191.0
5061,191.0
5062,191.0
5063,191.0
5064,191.0
5065,191.0
5066,191.0
5067,191.0
5068,191.0
5069,191.0
5070,191.0
5071,191.0
5072,191.0
5073,191.0
5074,191.0
5075,191.0
5076,191.0
5077,191.0
5078,191.0
5079,191.0
5080,191.0
5081,191.0
5082,191.0
5083,191.0
5084,191.0
5085,191.0
5086,191.0
5087,191.0
5088,191.0
5089,191.0
5090,191.0
5091,191.0
5092,191.0
5093,191.0
5094,191.0
5095,191.0
5096,191.0
5097,191.0
5098,191.0
5099,191.0
5100,191.0
5101,191.0
5102,191.0
5103,191.0
5104,191.0
5105,191.0
5106,191.0
5107,191.0
5108,191.0
5109,191.0
5110,191.0
5111,191.0
5112,191.0
5113,191.0
5114,191.0
5115,191.0
5116,191.0
5117,191.0
5118,191.0
5119,191.0
5120,191.0
5121,191.0
5122,191.0
5123,191.0
5124,191.0
5125,191.0
5126,191.0
5127,191.0
5128,191.0
5129,191.0
5130,191.0
5131,191.0
5132,191.0
5133,191.0
5134,191.0
5135,191.0
5136,191.0
5137,191.0
5138,191.0
5139,191.0
5140,191.0
5141,191.0
5142,191.0
5143,191.0
5144,191.0
5145,191.0
5146,191.0
5147,191.0
5148,191.0
5149,191.0
5150,191.0
5151,191.0
5152,191.0
5153,191.0
5154,191.0
5155,191.0
5156,191.0
5157,191.0
5158,191.0
5159,191.0
5160,191.0
5161,191.0
5162,191.0
5163,191.0
5164,191.0
5165,191.0
5166,191.0
5167,191.0
5168,191.0
5169,191.0
5170,191.0
5171,191.0
5172,191.0
5173,191.0
5174,191.0
5175,191.0
5176,191.0
5177,191.0
5178,191.0
5179,191.0
5180,191.0
5181,191.0
5182,191.0
5183,191.0
5184,191.0
5185,191.0
5186,191.0
5187,191.0
5188,191.0
5189,191.0
5190,191.0
5191,191.0
5192,191.0
5193,191.0
5194,191.0
5195,191.0
5196,191.0
5197,191.0
5198,191.0
5199,191.0
5200,191.0
5201,191.0
5202,191.0
5203,191.0
5204,191.0
5205,191.0
5206,191.0
5207,191.0
5208,191.0
5209,191.0
5210,191.0
5211,191.0
5212,191.0
5213,191.0
5214,191.0
5215,191.0
5216,191.0
5217,191.0
5218,191.0
5219,191.0
5220,191.0
5221,191.0
5222,191.0
5223,191.0
5224,191.0
5225,191.0
5226,191.0
5227,191.0
5228,191.0
5229,191.0
5230,191.0
5231,191.0
5232,191.0
5233,191.0
5234,191.0
5235,191.0
5236,191.0
5237,191.0
5238,191.0
5239,191.0
5240,191.0
5241,191.0
5242,191.0
5243,191.0
5244,191.0
5245,191.0
5246,191.0
5247,191.0
5248,191.0
5249,191.0
5250,191.0
5251,191.0
5252,191.0
5253,191.0
5254,191.0
5255,191.0
5256,191.0
5257,191.0
5258,191.0
5259,191.0
5260,191.0
5261,191.0
5262,191.0
5263,191.0
5264,191.0
5265,191.0
5266,191.0
5267,191.0
5268,191.0
5269,191.0
5270,191.0
5271,191.0
5272,191.0
5273,191.0
5274,191.0
5275,191.0
5276,191.0
5277,191.0
5278,191.0
5279,191.0
5280,191.0
5281,191.0
5282,191.0
5283,191.0
5284,191.0
5285,191.0
5286,191.0
5287,191.0
5288,191.0
5289,191.0
5290,191.0
5291,191.0
5292,191.0
5293,191.0
5294,191.0
5295,191.0
5296,191.0
5297,191.0
5298,191.0
5299,191.0
5300,191.0
5301,191.0
5302,191.0
5303,191.0
5304,191.0
5305,191.0
5306,191.0
5307,191.0
5308,191.0
5309,191.0
5310,191.0
5311,191.0
5312,191.0
5313,191.0
5314,191.0
5315,191.0
5316,191.0
5317,191.0
5318,191.0
5319,191.0
5320,191.0
5321,191.0
5322,191.0
5323,191.0
5324,191.0
5325,191.0
5326,191.0
5327,191.0
5328,191.0
5329,191.0
5330,191.0
5331,191.0
5332,191.0
5333,191.0
5334,191.0
5335,191.0
5336,191.0
5337,191.0
5338,191.0
5339,191.0
5340,191.0
5341,191.0
5342,191.0
5343,191.0
5344,191.0
5345,191.0
5346,191.0
5347,191.0
5348,191.0
5349,191.0
5350,191.0
5351,191.0
5352,191.0
5353,191.0
5354,191.0
5355,191.0
5356,191.0
5357,191.0
5358,191.0
5359,191.0
5360,191.0
5361,191.0
5362,191.0
5363,191.0
5364,191.0
5365,191.0
5366,191.0
5367,191.0
5368,191.0
5369,191.0
5370,191.0
5371,191.0
5372,191.0
5373,191.0
5374,191.0
5375,191.0
5376,191.0
5377,191.0
5378,191.0
5379,191.0
5380,191.0
5381,191.0
5382,191.0
5383,191.0
5384,191.0
5385,191.0
5386,191.0
5387,191.0
5388,191.0
5389,191.0
5390,191.0
5391,191.0
5392,191.0
5393,191.0
5394,191.0
5395,191.0
5396,191.0
5397,191.0
5398,191.0
5399,191.0
5400,191.0
5401,191.0
5402,191.0
5403,191.0
5404,191.0
5405,191.0
5406,191.0
5407,191.0
5408,191.0
5409,191.0
5410,191.0
5411,191.0
5412,191.0
5413,191.0
5414,191.0
5415,191.0
5416,191.0
5417,191.0
5418,191.0
5419,191.0
5420,191.0
5421,191.0
5422,191.0
5423,191.0
5424,191.0
5425,191.0
5426,191.0
5427,191.0
5428,191.0
5429,191.0
5430,191.0
5431,191.0
5432,191.0
5433,191.0
5434,191.0
5435,191.0
5436,191.0
5437,191.0
5438,191.0
5439,191.0
5440,191.0
5441,191.0
5442,191.0
5443,191.0
5444,191.0
5445,191.0
5446,191.0
5447,191.0
5448,191.0
5449,191.0
5450,191.0
5451,191.0
5452,191.0
5453,191.0
5454,191.0
5455,191.0
5456,191.0
5457,191.0
5458,191.0
5459,191.0
5460,191.0
5461,191.0
5462,191.0
5463,191.0
5464,191.0
5465,191.0
5466,191.0
5467,191.0
5468,191.0
5469,191.0
5470,191.0
5471,191.0
5472,191.0
5473,191.0
5474,191.0
5475,191.0
5476,191.0
5477,191.0
5478,191.0
5479,191.0
5480,191.0
5481,191.0
5482,191.0
5483,191.0
5484,191.0
5485,191.0
5486,191.0
5487,191.0
5488,191.0
5489,191.0
5490,191.0
5491,191.0
5492,191.0
5493,191.0
5494,191.0
5495,191.0
5496,191.0
5497,191.0
5498,191.0
5499,191.0
5500,191.0
5501,191.0
5502,191.0
5503,191.0
5504,191.0
5505,191.0
5506,191.0
5507,191.0
5508,191.0
5509,191.0
5510,191.0
5511,191.0
5512,191.0
5513,191.0
5514,191.0
5515,191.0
5516,191.0
5517,191.0
5518,191.0
5519,191.0
5520,191.0
5521,191.0
5522,191.0
5523,191.0
5524,191.0
5525,191.0
5526,191.0
5527,191.0
5528,191.0
5529,191.0
5530,191.0
5531,191.0
5532,191.0
5533,191.0
5534,191.0
5535,191.0
5536,191.0
5537,191.0
5538,191.0
5539,191.0
5540,191.0
5541,191.0
5542,191.0
5543,191.0
5544,191.0
5545,191.0
5546,191.0
5547,191.0
5548,191.0
5549,191.0
5550,191.0
5551,191.0
5552,191.0
5553,191.0
5554,191.0
5555,191.0
5556,191.0
5557,191.0
5558,191.0
5559,191.0
5560,191.0
5561,191.0
5562,191.0
5563,191.0
5564,191.0
5565,191.0
5566,191.0
5567,191.0
5568,191.0
5569,191.0
5570,191.0
5571,191.0
5572,191.0
5573,191.0
5574,191.0
5575,191.0
5576,191.0
5577,191.0
5578,191.0
5579,191.0
5580,191.0
5581,191.0
5582,191.0
5583,191.0
5584,191.0
5585,191.0
5586,191.0
5587,191.0
5588,191.0
5589,191.0
5590,191.0
5591,191.0
5592,191.0
5593,191.0
5594,191.0
5595,191.0
5596,191.0
5597,191.0
5598,191.0
5599,191.0
5600,191.0
5601,191.0
5602,191.0
5603,191.0
5604,191.0
5605,191.0
5606,191.0
5607,191.0
5608,191.0
5609,191.0
5610,191.0
5611,191.0
5612,191.0
5613,191.0
5614,191.0
5615,191.0
5616,191.0
5617,191.0
5618,191.0
5619,191.0
5620,191.0
5621,191.0
5622,191.0
5623,191.0
5624,191.0
5625,191.0
5626,191.0
5627,191.0
5628,191.0
5629,191.0
5630,191.0
5631,191.0
5632,191.0
5633,191.0
5634,191.0
5635,191.0
5636,191.0
5637,191.0
5638,191.0
5639,191.0
5640,191.0
5641,191.0
5642,191.0
5643,191.0
5644,191.0
5645,191.0
5646,191.0
5647,191.0
5648,191.0
5649,191.0
5650,191.0
5651,191.0
5652,191.0
5653,191.0
5654,191.0
5655,191.0
5656,191.0
5657,191.0
5658,191.0
5659,191.0
5660,191.0
5661,191.0
5662,191.0
5663,191.0
5664,191.0
5665,191.0
5666,191.0
5667,191.0
5668,191.0
5669,191.0
5670,191.0
5671,191.0
5672,191.0
5673,191.0
5674,191.0
5675,191.0
5676,191.0
5677,191.0
5678,191.0
5679,191.0
5680,191.0
5681,191.0
5682,191.0
5683,191.0
5684,191.0
5685,191.0
5686,191.0
5687,191.0
5688,191.0
5689,191.0
5690,191.0
5691,191.0
5692,191.0
5693,191.0
5694,191.0
5695,191.0
5696,191.0
5697,191.0
5698,191.0
5699,191.0
5700,191.0
5701,191.0
5702,191.0
5703,191.0
5704,191.0
5705,191.0
5706,191.0
5707,191.0
5708,191.0
5709,191.0
5710,191.0
5711,191.0
5712,191.0
5713,191.0
5714,191.0
5715,191.0
5716,191.0
5717,191.0
5718,191.0
5719,191.0
5720,191.0
5721,191.0
5722,191.0
5723,191.0
5724,191.0
5725,191.0
5726,191.0
5727,191.0
5728,191.0
5729,191.0
5730,191.0
5731,191.0
5732,191.0
5733,191.0
5734,191.0
5735,191.0
5736,191.0
5737,191.0
5738,191.0
5739,191.0
5740,191.0
5741,191.0
5742,191.0
5743,191.0
5744,191.0
5745,191.0
5746,191.0
5747,191.0
5748,191.0
5749,191.0
5750,191.0
5751,191.0
5752,191.0
5753,191.0
5754,191.0
5755,191.0
5756,191.0
5757,191.0
5758,191.0
5759,191.0
5760,191.0
5761,191.0
5762,191.0
5763,191.0
5764,191.0
5765,191.0
5766,191.0
5767,191.0
5768,191.0
5769,191.0
5770,191.0
5771,191.0
5772,191.0
5773,191.0
5774,191.0
5775,191.0
5776,191.0
5777,191.0
5778,191.0
5779,191.0
5780,191.0
5781,191.0
5782,191.0
5783,191.0
5784,191.0
5785,191.0
5786,191.0
5787,191.0
5788,191.0
5789,191.0
5790,191.0
5791,191.0
5792,191.0
5793,191.0
5794,191.0
5795,191.0
5796,191.0
5797,191.0
5798,191.0
5799,191.0
5800,191.0
5801,191.0
5802,191.0
5803,191.0
5804,191.0
5805,191.0
5806,191.0
5807,191.0
5808,191.0
5809,191.0
5810,191.0
5811,191.0
5812,191.0
5813,191.0
5814,191.0
5815,191.0
5816,191.0
5817,191.0
5818,191.0
5819,191.0
5820,191.0
5821,191.0
5822,191.0
5823,191.0
5824,191.0
5825,191.0
5826,191.0
5827,191.0
5828,191.0
5829,191.0
5830,191.0
5831,191.0
5832,191.0
5833,191.0
5834,191.0
5835,191.0
5836,191.0
5837,191.0
5838,191.0
5839,191.0
5840,191.0
5841,191.0
5842,191.0
5843,191.0
5844,191.0
5845,191.0
5846,191.0
5847,191.0
5848,191.0
5849,191.0
5850,191.0
5851,191.0
5852,191.0
5853,191.0
5854,191.0
5855,191.0
5856,191.0
5857,191.0
5858,191.0
5859,191.0
5860,191.0
5861,191.0
5862,191.0
5863,191.0
5864,191.0
5865,191.0
5866,191.0
5867,191.0
5868,191.0
5869,191.0
5870,191.0
5871,191.0
5872,191.0
5873,191.0
5874,191.0
5875,191.0
5876,191.0
5877,191.0
5878,191.0
5879,191.0
5880,191.0
5881,191.0
5882,191.0
5883,191.0
5884,191.0
5885,191.0
5886,191.0
5887,191.0
5888,191.0
5889,191.0
5890,191.0
5891,191.0
5892,191.0
5893,191.0
5894,191.0
5895,191.0
5896,191.0
5897,191.0
5898,191.0
5899,191.0
5900,191.0
5901,191.0
5902,191.0
5903,191.0
5904,191.0
5905,191.0
5906,191.0
5907,191.0
5908,191.0
5909,191.0
5910,191.0
5911,191.0
5912,191.0
5913,191.0
5914,191.0
5915,191.0
5916,191.0
5917,191.0
5918,191.0
5919,191.0
5920,191.0
5921,191.0
5922,191.0
5923,191.0
5924,191.0
5925,191.0
5926,191.0
5927,191.0
5928,191.0
5929,191.0
5930,191.0
5931,191.0
5932,191.0
5933,191.0
5934,191.0
5935,191.0
5936,191.0
5937,191.0
5938,191.0
5939,191.0
5940,191.0
5941,191.0
5942,191.0
5943,191.0
5944,191.0
5945,191.0
5946,191.0
5947,191.0
5948,191.0
5949,191.0
5950,191.0
5951,191.0
5952,191.0
5953,191.0
5954,191.0
5955,191.0
5956,191.0
5957,191.0
5958,191.0
5959,191.0
5960,191.0
5961,191.0
5962,191.0
5963,191.0
5964,191.0
5965,191.0
5966,191.0
5967,191.0
5968,191.0
5969,191.0
5970,191.0
5971,191.0
5972,191.0
5973,191.0
5974,191.0
5975,191.0
5976,191.0
5977,191.0
5978,191.0
5979,191.0
5980,191.0
5981,191.0
5982,191.0
5983,191.0
5984,191.0
5985,191.0
5986,191.0
5987,191.0
5988,191.0
5989,191.0
5990,191.0
5991,191.0
5992,191.0
5993,191.0
5994,191.0
5995,191.0
5996,191.0
5997,191.0
5998,191.0
5999,191.0
6000,191.0
6001,191.0
6002,191.0
6003,191.0
6004,191.0
6005,191.0
6006,191.0
6007,191.0
6008,191.0
6009,191.0
6010,191.0
6011,191.0
6012,191.0
6013,191.0
6014,191.0
6015,191.0
6016,191.0
6017,191.0
6018,191.0
6019,191.0
6020,191.0
6021,191.0
6022,191.0
6023,191.0
6024,191.0
6025,191.0
6026,191.0
6027,191.0
6028,191.0
6029,191.0
6030,191.0
6031,191.0
6032,191.0
6033,191.0
6034,191.0
6035,191.0
6036,191.0
6037,191.0
6038,191.0
6039,191.0
6040,191.0
6041,191.0
6042,191.0
6043,191.0
6044,191.0
6045,191.0
6046,191.0
6047,191.0
6048,191.0
6049,191.0
6050,191.0
6051,191.0
6052,191.0
6053,191.0
6054,191.0
6055,191.0
6056,191.0
6057,191.0
6058,191.0
6059,191.0
6060,191.0
6061,191.0
6062,191.0
6063,191.0
6064,191.0
6065,191.0
6066,191.0
6067,191.0
6068,191.0
6069,191.0
6070,191.0
6071,191.0
6072,191.0
6073,191.0
6074,191.0
6075,191.0
6076,191.0
6077,191.0
6078,191.0
6079,191.0
6080,191.0
6081,191.0
6082,191.0
6083,191.0
6084,191.0
6085,191.0
6086,191.0
6087,191.0
6088,191.0
6089,191.0
6090,191.0
6091,191.0
6092,191.0
6093,191.0
6094,191.0
6095,191.0
6096,191.0
6097,191.0
6098,191.0
6099,191.0
6100,191.0
6101,191.0
6102,191.0
6103,191.0
6104,191.0
6105,191.0
6106,191.0
6107,191.0
6108,191.0
6109,191.0
6110,191.0
6111,191.0
6112,191.0
6113,191.0
6114,191.0
6115,191.0
6116,191.0
6117,191.0
6118,191.0
6119,191.0
6120,191.0
6121,191.0
6122,191.0
6123,191.0
6124,191.0
6125,191.0
6126,191.0
6127,191.0
6128,191.0
6129,191.0
6130,191.0
6131,191.0
6132,191.0
6133,191.0
6134,191.0
6135,191.0
6136,191.0
6137,191.0
6138,191.0
6139,191.0
6140,191.0
6141,191.0
6142,191.0
6143,191.0
6144,191.0
6145,191.0
6146,191.0
6147,191.0
6148,191.0
6149,191.0
6150,191.0
6151,191.0
6152,191.0
6153,191.0
6154,191.0
6155,191.0
6156,191.0
6157,191.0
6158,191.0
6159,191.0
6160,191.0
6161,191.0
6162,191.0
6163,191.0
6164,191.0
6165,191.0
6166,191.0
6167,191.0
6168,191.0
6169,191.0
6170,191.0
6171,191.0
6172,191.0
6173,191.0
6174,191.0
6175,191.0
6176,191.0
6177,191.0
6178,191.0
6179,191.0
6180,191.0
6181,191.0
6182,191.0
6183,191.0
6184,191.0
6185,191.0
6186,191.0
6187,191.0
6188,191.0
6189,191.0
6190,191.0
6191,191.0
6192,191.0
6193,191.0
6194,191.0
6195,191.0
6196,191.0
6197,191.0
6198,191.0
6199,191.0
6200,191.0
6201,191.0
6202,191.0
6203,191.0
6204,191.0
6205,191.0
6206,191.0
6207,191.0
6208,191.0
6209,191.0
6210,191.0
6211,191.0
6212,191.0
6213,191.0
6214,191.0
6215,191.0
6216,191.0
6217,191.0
6218,191.0
6219,191.0
6220,191.0
6221,191.0
6222,191.0
6223,191.0
6224,191.0
6225,191.0
6226,191.0
6227,191.0
6228,191.0
6229,191.0
6230,191.0
6231,191.0
6232,191.0
6233,191.0
6234,191.0
6235,191.0
6236,191.0
6237,191.0
6238,191.0
6239,191.0
6240,191.0
6241,191.0
6242,191.0
6243,191.0
6244,191.0
6245,191.0
6246,191.0
6247,191.0
6248,191.0
6249,191.0
6250,191.0
6251,191.0
6252,191.0
6253,191.0
6254,191.0
6255,191.0
6256,191.0
6257,191.0
6258,191.0
6259,191.0
6260,191.0
6261,191.0
6262,191.0
6263,191.0
6264,191.0
6265,191.0
6266,191.0
6267,191.0
6268,191.0
6269,191.0
6270,191.0
6271,191.0
6272,191.0
6273,191.0
6274,191.0
6275,191.0
6276,191.0
6277,191.0
6278,191.0
6279,191.0
6280,191.0
6281,191.0
6282,191.0
6283,191.0
6284,191.0
6285,191.0
6286,191.0
6287,191.0
6288,191.0
6289,191.0
6290,191.0
6291,191.0
6292,191.0
6293,191.0
6294,191.0
6295,191.0
6296,191.0
6297,191.0
6298,191.0
6299,191.0
6300,191.0
6301,191.0
6302,191.0
6303,191.0
6304,191.0
6305,191.0
6306,191.0
6307,191.0
6308,191.0
6309,191.0
6310,191.0
6311,191.0
6312,191.0
6313,191.0
6314,191.0
6315,191.0
6316,191.0
6317,191.0
6318,191.0
6319,191.0
6320,191.0
6321,191.0
6322,191.0
6323,191.0
6324,191.0
6325,191.0
6326,191.0
6327,191.0
6328,191.0
6329,191.0
6330,191.0
6331,191.0
6332,191.0
6333,191.0
6334,191.0
6335,191.0
6336,191.0
6337,191.0
6338,191.0
6339,191.0
6340,191.0
6341,191.0
6342,191.0
6343,191.0
6344,191.0
6345,191.0
6346,191.0
6347,191.0
6348,191.0
6349,191.0
6350,191.0
6351,191.0
6352,191.0
6353,191.0
6354,191.0
6355,191.0
6356,191.0
6357,191.0
6358,191.0
6359,191.0
6360,191.0
6361,191.0
6362,191.0
6363,191.0
6364,191.0
6365,191.0
6366,191.0
6367,191.0
6368,191.0
6369,191.0
6370,191.0
6371,191.0
6372,191.0
6373,191.0
6374,191.0
6375,191.0
6376,191.0
6377,191.0
6378,191.0
6379,191.0
6380,191.0
6381,191.0
6382,191.0
6383,191.0
6384,191.0
6385,191.0
6386,191.0
6387,191.0
6388,191.0
6389,191.0
6390,191.0
6391,191.0
6392,191.0
6393,191.0
6394,191.0
6395,191.0
6396,191.0
6397,191.0
6398,191.0
6399,191.0
6400,191.0
6401,191.0
6402,191.0
6403,191.0
6404,191.0
6405,191.0
6406,191.0
6407,191.0
6408,191.0
6409,191.0
6410,191.0
6411,191.0
6412,191.0
6413,191.0
6414,191.0
6415,191.0
6416,191.0
6417,191.0
6418,191.0
6419,191.0
6420,191.0
6421,191.0
6422,191.0
6423,191.0
6424,191.0
6425,191.0
6426,191.0
6427,191.0
6428,191.0
6429,191.0
6430,191.0
6431,191.0
6432,191.0
6433,191.0
6434,191.0
6435,191.0
6436,191.0
6437,191.0
6438,191.0
6439,191.0
6440,191.0
6441,191.0
6442,191.0
6443,191.0
6444,191.0
6445,191.0
6446,191.0
6447,191.0
6448,191.0
6449,191.0
6450,191.0
6451,191.0
6452,191.0
6453,191.0
6454,191.0
6455,191.0
6456,191.0
6457,191.0
6458,191.0
6459,191.0
6460,191.0
6461,191.0
6462,191.0
6463,191.0
6464,191.0
6465,191.0
6466,191.0
6467,191.0
6468,191.0
6469,191.0
6470,191.0
6471,191.0
6472,191.0
6473,191.0
6474,191.0
6475,191.0
6476,191.0
6477,191.0
6478,191.0
6479,191.0
6480,191.0
6481,191.0
6482,191.0
6483,191.0
6484,191.0
6485,191.0
6486,191.0
6487,191.0
6488,191.0
6489,191.0
6490,191.0
6491,191.0
6492,191.0
6493,191.0
6494,191.0
6495,191.0
6496,191.0
6497,191.0
6498,191.0
6499,191.0
6500,191.0
6501,191.0
6502,191.0
6503,191.0
6504,191.0
6505,191.0
6506,191.0
6507,191.0
6508,191.0
6509,191.0
6510,191.0
6511,191.0
6512,191.0
6513,191.0
6514,191.0
6515,191.0
6516,191.0
6517,191.0
6518,191.0
6519,191.0
6520,191.0
6521,191.0
6522,191.0
6523,191.0
6524,191.0
6525,191.0
6526,191.0
6527,191.0
6528,191.0
6529,191.0
6530,191.0
6531,191.0
6532,191.0
6533,191.0
6534,191.0
6535,191.0
6536,191.0
6537,191.0
6538,191.0
6539,191.0
6540,191.0
6541,191.0
6542,191.0
6543,191.0
6544,191.0
6545,191.0
6546,191.0
6547,191.0
6548,191.0
6549,191.0
6550,191.0
6551,191.0
6552,191.0
6553,191.0
6554,191.0
6555,191.0
6556,191.0
6557,191.0
6558,191.0
6559,191.0
6560,191.0
6561,191.0
6562,191.0
6563,191.0
6564,191.0
6565,191.0
6566,191.0
6567,191.0
6568,191.0
6569,191.0
6570,191.0
6571,191.0
6572,191.0
6573,191.0
6574,191.0
6575,191.0
6576,191.0
6577,191.0
6578,191.0
6579,191.0
6580,191.0
6581,191.0
6582,191.0
6583,191.0
6584,191.0
6585,191.0
6586,191.0
6587,191.0
6588,191.0
6589,191.0
6590,191.0
6591,191.0
6592,191.0
6593,191.0
6594,191.0
6595,191.0
6596,191.0
6597,191.0
6598,191.0
6599,191.0
6600,191.0
6601,191.0
6602,191.0
6603,191.0
6604,191.0
6605,191.0
6606,191.0
6607,191.0
6608,191.0
6609,191.0
6610,191.0
6611,191.0
6612,191.0
6613,191.0
6614,191.0
6615,191.0
6616,191.0
6617,191.0
6618,191.0
6619,191.0
6620,191.0
6621,191.0
6622,191.0
6623,191.0
6624,191.0
6625,191.0
6626,191.0
6627,191.0
6628,191.0
6629,191.0
6630,191.0
6631,191.0
6632,191.0
6633,191.0
6634,191.0
6635,191.0
6636,191.0
6637,191.0
6638,191.0
6639,191.0
6640,191.0
6641,191.0
6642,191.0
6643,191.0
